Name,Row,Column,Label,Unnamed: 4
i0201a.png,111,94,C-Rubble,
i0201a.png,173,243,C-Rubble,
i0201a.png,84,366,C-Rubble,
i0201a.png,54,802,C-Rubble,
i0201a.png,236,439,C-Rubble,
i0201a.png,189,414,C-Rubble,
i0201a.png,331,747,C-Rubble,
i0201a.png,336,874,C-Rubble,
i0201a.png,317,1042,C-Rubble,
i0201a.png,514,80,C-Rubble,
i0201a.png,365,101,C-Rubble,
i0201a.png,377,801,C-Rubble,
i0201a.png,529,1053,C-Rubble,
i0201a.png,708,458,C-Rubble,
i0201a.png,546,773,C-Rubble,
i0201a.png,585,707,C-Rubble,
i0201a.png,816,1015,C-Rubble,
i0201b.png,81,200,C-Rubble,
i0201b.png,188,390,C-Rubble,
i0201b.png,237,1147,C-Rubble,
i0201b.png,443,180,C-Rubble,
i0201b.png,458,193,C-Rubble,
i0201b.png,438,464,C-Rubble,
i0201b.png,350,679,C-Rubble,
i0201b.png,391,835,C-Rubble,
i0201b.png,622,51,C-Rubble,
i0201b.png,590,20,C-Rubble,
i0201b.png,598,489,C-Rubble,
i0201b.png,583,485,C-Rubble,
i0201b.png,521,1069,C-Rubble,
i0201b.png,768,618,C-Rubble,
i0201b.png,757,745,C-Rubble,
i0201c.png,123,149,C-Rubble,
i0201c.png,47,326,C-Rubble,
i0201c.png,184,632,C-Rubble,
i0201c.png,131,953,C-Rubble,
i0201c.png,196,1111,C-Rubble,
i0201c.png,310,97,C-Rubble,
i0201c.png,262,318,C-Rubble,
i0201c.png,327,623,C-Rubble,
i0201c.png,289,709,C-Rubble,
i0201c.png,266,629,C-Rubble,
i0201c.png,356,641,C-Rubble,
i0201c.png,336,516,C-Rubble,
i0201c.png,256,977,C-Rubble,
i0201c.png,554,270,C-Rubble,
i0201c.png,469,694,C-Rubble,
i0201c.png,527,910,C-Rubble,
i0201c.png,796,207,C-Rubble,
i0201c.png,718,303,C-Rubble,
i0201c.png,617,653,C-Rubble,
i0201d.png,99,680,C-Rubble,
i0201d.png,197,529,C-Rubble,
i0201d.png,58,469,C-Rubble,
i0201d.png,121,934,C-Rubble,
i0201d.png,223,217,C-Rubble,
i0201d.png,299,41,C-Rubble,
i0201d.png,272,622,C-Rubble,
i0201d.png,353,870,C-Rubble,
i0201d.png,409,372,C-Rubble,
i0201d.png,563,308,C-Rubble,
i0201d.png,633,648,C-Rubble,
i0202a.png,488,942,C-Rubble,
i0202a.png,391,1006,C-Rubble,
i0202b.png,393,840,C-Rubble,
i0203a.png,236,501,C-Rubble,
i0203a.png,363,50,C-Rubble,
i0203d.png,5,13,C-Rubble,
i0204a.png,730,933,C-Rubble,
i0204b.png,76,970,C-Rubble,
i0204b.png,179,1060,C-Rubble,
i0204b.png,283,1060,C-Rubble,
i0204b.png,269,946,C-Rubble,
i0204c.png,503,772,C-Rubble,
i0204c.png,423,911,C-Rubble,
i0204d.png,325,775,C-Rubble,
i0204d.png,547,625,C-Rubble,
i0204d.png,649,485,C-Rubble,
i0204d.png,561,804,C-Rubble,
i0205a.png,21,363,C-Rubble,
i0205a.png,59,244,C-Rubble,
i0205a.png,85,249,C-Rubble,
i0205a.png,76,408,C-Rubble,
i0205a.png,259,85,C-Rubble,
i0205a.png,182,246,C-Rubble,
i0205a.png,280,295,C-Rubble,
i0205a.png,373,365,C-Rubble,
i0205a.png,474,412,C-Rubble,
i0205a.png,750,314,C-Rubble,
i0205b.png,548,401,C-Rubble,
i0205b.png,630,253,C-Rubble,
i0205b.png,772,256,C-Rubble,
i0205c.png,187,423,C-Rubble,
i0205c.png,571,432,C-Rubble,
i0205c.png,404,372,C-Rubble,
i0205d.png,109,422,C-Rubble,
i0205d.png,202,399,C-Rubble,
i0206a.png,145,796,C-Rubble,
i0206a.png,164,934,C-Rubble,
i0206a.png,141,980,C-Rubble,
i0206a.png,299,907,C-Rubble,
i0206a.png,186,734,C-Rubble,
i0206a.png,746,492,C-Rubble,
i0206a.png,744,608,C-Rubble,
i0206a.png,678,745,C-Rubble,
i0206a.png,820,988,C-Rubble,
i0206b.png,301,541,C-Rubble,
i0206b.png,217,651,C-Rubble,
i0206b.png,238,575,C-Rubble,
i0206b.png,299,1136,C-Rubble,
i0206b.png,639,288,C-Rubble,
i0206b.png,651,1064,C-Rubble,
i0206b.png,776,710,C-Rubble,
i0206b.png,728,719,C-Rubble,
i0206b.png,825,741,C-Rubble,
i0206c.png,122,671,C-Rubble,
i0206c.png,192,1098,C-Rubble,
i0206c.png,303,753,C-Rubble,
i0206c.png,308,1021,C-Rubble,
i0206c.png,487,779,C-Rubble,
i0206c.png,667,134,C-Rubble,
i0206c.png,752,429,C-Rubble,
i0206c.png,744,359,C-Rubble,
i0206c.png,941,277,C-Rubble,
i0206d.png,18,736,C-Rubble,
i0206d.png,244,619,C-Rubble,
i0206d.png,294,729,C-Rubble,
i0206d.png,470,242,C-Rubble,
i0206d.png,528,706,C-Rubble,
i0206d.png,436,1091,C-Rubble,
i0206d.png,732,910,C-Rubble,
i0206d.png,724,892,C-Rubble,
i0206d.png,827,855,C-Rubble,
i0206d.png,877,38,C-Rubble,
i0207a.png,37,251,C-Rubble,
i0207a.png,58,386,C-Rubble,
i0207a.png,128,493,C-Rubble,
i0207a.png,469,377,C-Rubble,
i0207a.png,412,239,C-Rubble,
i0207a.png,330,477,C-Rubble,
i0207b.png,26,172,C-Rubble,
i0207b.png,225,191,C-Rubble,
i0207b.png,208,92,C-Rubble,
i0207b.png,190,295,C-Rubble,
i0207b.png,360,60,C-Rubble,
i0207b.png,340,207,C-Rubble,
i0207b.png,315,349,C-Rubble,
i0207b.png,703,164,C-Rubble,
i0207c.png,357,146,C-Rubble,
i0207c.png,345,100,C-Rubble,
i0207c.png,775,79,C-Rubble,
i0207d.png,52,251,C-Rubble,
i0207d.png,408,1102,C-Rubble,
i0207d.png,903,1129,C-Rubble,
i0207d.png,908,943,C-Rubble,
i0208a.png,388,565,C-Rubble,
i0208a.png,766,857,C-Rubble,
i0208b.png,2,924,C-Rubble,
i0208b.png,277,763,C-Rubble,
i0208b.png,493,558,C-Rubble,
i0208b.png,506,713,C-Rubble,
i0208b.png,588,690,C-Rubble,
i0208b.png,852,606,C-Rubble,
i0208b.png,784,1069,C-Rubble,
i0208b.png,822,986,C-Rubble,
i0208c.png,176,813,C-Rubble,
i0208c.png,141,994,C-Rubble,
i0208c.png,282,751,C-Rubble,
i0208c.png,274,960,C-Rubble,
i0208c.png,445,987,C-Rubble,
i0208c.png,637,984,C-Rubble,
i0208d.png,106,762,C-Rubble,
i0208d.png,149,726,C-Rubble,
i0208d.png,167,797,C-Rubble,
i0208d.png,650,869,C-Rubble,
i0208d.png,627,1012,C-Rubble,
i0209a.png,23,770,C-Rubble,
i0209a.png,284,141,C-Rubble,
i0209a.png,285,127,C-Rubble,
i0209a.png,256,707,C-Rubble,
i0209a.png,198,829,C-Rubble,
i0209a.png,439,597,C-Rubble,
i0209a.png,328,570,C-Rubble,
i0209a.png,392,914,C-Rubble,
i0209a.png,582,258,C-Rubble,
i0209a.png,470,812,C-Rubble,
i0209a.png,653,359,C-Rubble,
i0209b.png,153,118,C-Rubble,
i0209b.png,48,433,C-Rubble,
i0209b.png,98,779,C-Rubble,
i0209b.png,57,915,C-Rubble,
i0209b.png,162,145,C-Rubble,
i0209b.png,549,771,C-Rubble,
i0209b.png,664,187,C-Rubble,
i0209c.png,7,140,C-Rubble,
i0209c.png,135,38,C-Rubble,
i0209c.png,137,236,C-Rubble,
i0209c.png,21,374,C-Rubble,
i0209c.png,43,239,C-Rubble,
i0209c.png,267,304,C-Rubble,
i0209c.png,476,219,C-Rubble,
i0209d.png,157,873,C-Rubble,
i0209d.png,210,87,C-Rubble,
i0210c.png,266,282,C-Rubble,
i0210c.png,762,911,C-Rubble,
i0210d.png,113,978,C-Rubble,
i0210d.png,24,1026,C-Rubble,
i0210d.png,140,1013,C-Rubble,
i0210d.png,580,180,C-Rubble,
i0210d.png,529,160,C-Rubble,
i0210d.png,935,451,C-Rubble,
i0210d.png,954,250,C-Rubble,
i0210d.png,944,453,C-Rubble,
i0210d.png,863,548,C-Rubble,
i0210d.png,899,751,C-Rubble,
i0211a.png,93,431,C-Rubble,
i0211a.png,51,441,C-Rubble,
i0211a.png,75,381,C-Rubble,
i0211a.png,95,893,C-Rubble,
i0211a.png,303,448,C-Rubble,
i0211a.png,311,404,C-Rubble,
i0211a.png,326,290,C-Rubble,
i0211a.png,280,797,C-Rubble,
i0211a.png,343,118,C-Rubble,
i0211a.png,493,383,C-Rubble,
i0211a.png,375,633,C-Rubble,
i0211a.png,647,1040,C-Rubble,
i0211a.png,754,482,C-Rubble,
i0211a.png,739,817,C-Rubble,
i0211b.png,50,79,C-Rubble,
i0211b.png,119,55,C-Rubble,
i0211b.png,332,152,C-Rubble,
i0211b.png,204,37,C-Rubble,
i0211b.png,225,241,C-Rubble,
i0211b.png,485,801,C-Rubble,
i0211b.png,500,1026,C-Rubble,
i0211b.png,575,643,C-Rubble,
i0211b.png,520,716,C-Rubble,
i0211b.png,674,539,C-Rubble,
i0211b.png,835,548,C-Rubble,
i0211b.png,726,877,C-Rubble,
i0211c.png,99,633,C-Rubble,
i0211c.png,70,532,C-Rubble,
i0211c.png,76,585,C-Rubble,
i0211c.png,179,818,C-Rubble,
i0211c.png,227,346,C-Rubble,
i0211c.png,268,638,C-Rubble,
i0211c.png,482,559,C-Rubble,
i0211c.png,687,115,C-Rubble,
i0211c.png,639,787,C-Rubble,
i0211c.png,757,931,C-Rubble,
i0211c.png,900,41,C-Rubble,
i0211c.png,947,29,C-Rubble,
i0211d.png,95,45,C-Rubble,
i0211d.png,54,255,C-Rubble,
i0211d.png,48,283,C-Rubble,
i0211d.png,58,572,C-Rubble,
i0211d.png,81,879,C-Rubble,
i0211d.png,173,819,C-Rubble,
i0211d.png,231,681,C-Rubble,
i0212a.png,90,252,C-Rubble,
i0212a.png,303,277,C-Rubble,
i0212a.png,191,242,C-Rubble,
i0212a.png,227,301,C-Rubble,
i0212a.png,213,441,C-Rubble,
i0212a.png,672,181,C-Rubble,
i0212a.png,616,244,C-Rubble,
i0212a.png,723,103,C-Rubble,
i0212a.png,768,688,C-Rubble,
i0212b.png,92,190,C-Rubble,
i0212b.png,280,153,C-Rubble,
i0212b.png,280,279,C-Rubble,
i0212b.png,499,30,C-Rubble,
i0212b.png,421,358,C-Rubble,
i0212b.png,455,395,C-Rubble,
i0212b.png,368,297,C-Rubble,
i0212b.png,655,210,C-Rubble,
i0212c.png,163,237,C-Rubble,
i0212c.png,29,582,C-Rubble,
i0212c.png,353,134,C-Rubble,
i0212c.png,234,390,C-Rubble,
i0212c.png,236,261,C-Rubble,
i0212c.png,334,222,C-Rubble,
i0212c.png,296,665,C-Rubble,
i0212c.png,378,279,C-Rubble,
i0212c.png,739,333,C-Rubble,
i0212c.png,623,277,C-Rubble,
i0212c.png,730,316,C-Rubble,
i0212d.png,102,320,C-Rubble,
i0212d.png,642,26,C-Rubble,
i0212d.png,648,427,C-Rubble,
i0212d.png,643,439,C-Rubble,
i0212d.png,681,413,C-Rubble,
i0212d.png,678,457,C-Rubble,
i0212d.png,732,93,C-Rubble,
i0212d.png,813,17,C-Rubble,
i0213a.png,779,1082,C-Rubble,
i0213b.png,247,606,C-Rubble,
i0213b.png,487,1012,C-Rubble,
i0213b.png,459,1072,C-Rubble,
i0213c.png,10,1037,C-Rubble,
i0213c.png,267,642,C-Rubble,
i0213c.png,268,781,C-Rubble,
i0213c.png,685,690,C-Rubble,
i0213c.png,857,603,C-Rubble,
i0213c.png,896,471,C-Rubble,
i0213c.png,887,859,C-Rubble,
i0213d.png,272,562,C-Rubble,
i0213d.png,192,994,C-Rubble,
i0213d.png,772,466,C-Rubble,
i0213d.png,790,523,C-Rubble,
i0213d.png,931,479,C-Rubble,
i0214a.png,96,232,C-Rubble,
i0214a.png,301,282,C-Rubble,
i0214a.png,373,319,C-Rubble,
i0214a.png,568,397,C-Rubble,
i0214a.png,586,891,C-Rubble,
i0214a.png,830,265,C-Rubble,
i0214a.png,782,904,C-Rubble,
i0214a.png,762,955,C-Rubble,
i0214a.png,720,1077,C-Rubble,
i0214b.png,317,26,C-Rubble,
i0214b.png,584,231,C-Rubble,
i0214b.png,628,506,C-Rubble,
i0214b.png,782,607,C-Rubble,
i0214c.png,112,97,C-Rubble,
i0214c.png,2,391,C-Rubble,
i0214c.png,192,100,C-Rubble,
i0214c.png,213,438,C-Rubble,
i0214c.png,375,738,C-Rubble,
i0214c.png,487,194,C-Rubble,
i0214c.png,543,606,C-Rubble,
i0214c.png,551,642,C-Rubble,
i0214c.png,499,758,C-Rubble,
i0214c.png,448,1028,C-Rubble,
i0214c.png,506,953,C-Rubble,
i0214c.png,671,214,C-Rubble,
i0214c.png,734,514,C-Rubble,
i0214c.png,675,907,C-Rubble,
i0214c.png,941,321,C-Rubble,
i0214d.png,141,100,C-Rubble,
i0214d.png,187,502,C-Rubble,
i0214d.png,333,194,C-Rubble,
i0214d.png,314,297,C-Rubble,
i0214d.png,349,906,C-Rubble,
i0214d.png,407,393,C-Rubble,
i0214d.png,608,140,C-Rubble,
i0214d.png,603,1,C-Rubble,
i0214d.png,735,134,C-Rubble,
i0214d.png,658,32,C-Rubble,
i0214d.png,739,321,C-Rubble,
i0214d.png,929,1110,C-Rubble,
i0215a.png,124,346,C-Rubble,
i0215a.png,412,113,C-Rubble,
i0215a.png,474,260,C-Rubble,
i0215a.png,501,316,C-Rubble,
i0215a.png,462,502,C-Rubble,
i0215a.png,519,124,C-Rubble,
i0215a.png,662,896,C-Rubble,
i0215a.png,757,894,C-Rubble,
i0215b.png,134,1029,C-Rubble,
i0215b.png,488,1056,C-Rubble,
i0215b.png,745,278,C-Rubble,
i0215b.png,765,328,C-Rubble,
i0215b.png,754,317,C-Rubble,
i0215b.png,763,592,C-Rubble,
i0215b.png,723,1038,C-Rubble,
i0215c.png,229,1047,C-Rubble,
i0215c.png,367,1089,C-Rubble,
i0215c.png,387,1002,C-Rubble,
i0215c.png,721,686,C-Rubble,
i0215c.png,711,919,C-Rubble,
i0215c.png,600,1032,C-Rubble,
i0215c.png,802,850,C-Rubble,
i0215c.png,829,958,C-Rubble,
i0215d.png,38,222,C-Rubble,
i0215d.png,55,297,C-Rubble,
i0215d.png,210,533,C-Rubble,
i0215d.png,299,549,C-Rubble,
i0215d.png,367,635,C-Rubble,
i0215d.png,272,916,C-Rubble,
i0215d.png,250,1038,C-Rubble,
i0215d.png,313,1047,C-Rubble,
i0215d.png,558,1026,C-Rubble,
i0215d.png,723,679,C-Rubble,
i0215d.png,760,997,C-Rubble,
i0216a.png,257,441,C-Rubble,
i0216a.png,190,589,C-Rubble,
i0216a.png,314,965,C-Rubble,
i0216b.png,276,790,C-Rubble,
i0216b.png,315,1062,C-Rubble,
i0216b.png,255,943,C-Rubble,
i0216b.png,397,718,C-Rubble,
i0216b.png,706,420,C-Rubble,
i0216b.png,775,1025,C-Rubble,
i0216c.png,746,84,C-Rubble,
i0216d.png,380,1059,C-Rubble,
i0216d.png,702,1006,C-Rubble,
i0216d.png,807,1019,C-Rubble,
i0217a.png,113,860,C-Rubble,
i0217a.png,223,880,C-Rubble,
i0217a.png,296,1005,C-Rubble,
i0217a.png,224,944,C-Rubble,
i0217a.png,575,648,C-Rubble,
i0217a.png,573,591,C-Rubble,
i0217a.png,507,950,C-Rubble,
i0217a.png,663,1015,C-Rubble,
i0217b.png,176,755,C-Rubble,
i0217b.png,251,781,C-Rubble,
i0217b.png,209,898,C-Rubble,
i0217b.png,190,869,C-Rubble,
i0217b.png,374,892,C-Rubble,
i0217b.png,779,703,C-Rubble,
i0217b.png,824,775,C-Rubble,
i0217b.png,707,708,C-Rubble,
i0217c.png,387,895,C-Rubble,
i0217c.png,542,298,C-Rubble,
i0217c.png,561,387,C-Rubble,
i0217c.png,492,330,C-Rubble,
i0217c.png,557,677,C-Rubble,
i0217c.png,466,828,C-Rubble,
i0217c.png,648,70,C-Rubble,
i0217c.png,593,972,C-Rubble,
i0217c.png,793,814,C-Rubble,
i0217d.png,66,908,C-Rubble,
i0217d.png,616,137,C-Rubble,
i0218a.png,786,136,C-Rubble,
i0218a.png,752,614,C-Rubble,
i0218c.png,569,316,C-Rubble,
i0218c.png,513,636,C-Rubble,
i0218c.png,461,472,C-Rubble,
i0218c.png,543,963,C-Rubble,
i0218c.png,773,202,C-Rubble,
i0218c.png,771,376,C-Rubble,
i0218c.png,609,1075,C-Rubble,
i0218d.png,448,341,C-Rubble,
i0218d.png,520,558,C-Rubble,
i0218d.png,474,813,C-Rubble,
i0218d.png,643,463,C-Rubble,
i0218d.png,788,864,C-Rubble,
i0219a.png,460,848,C-Rubble,
i0219a.png,637,140,C-Rubble,
i0219a.png,798,210,C-Rubble,
i0219b.png,254,347,C-Rubble,
i0219b.png,223,514,C-Rubble,
i0219b.png,466,774,C-Rubble,
i0219b.png,515,824,C-Rubble,
i0219c.png,171,884,C-Rubble,
i0219c.png,310,100,C-Rubble,
i0219c.png,522,579,C-Rubble,
i0219d.png,173,877,C-Rubble,
i0219d.png,142,826,C-Rubble,
i0219d.png,281,453,C-Rubble,
i0219d.png,321,490,C-Rubble,
i0219d.png,197,813,C-Rubble,
i0219d.png,848,39,C-Rubble,
i0220a.png,23,61,C-Rubble,
i0220a.png,186,45,C-Rubble,
i0220a.png,181,333,C-Rubble,
i0220a.png,71,598,C-Rubble,
i0220a.png,158,538,C-Rubble,
i0220a.png,38,758,C-Rubble,
i0220a.png,264,36,C-Rubble,
i0220a.png,372,36,C-Rubble,
i0220a.png,276,108,C-Rubble,
i0220a.png,543,221,C-Rubble,
i0220a.png,449,16,C-Rubble,
i0220a.png,431,956,C-Rubble,
i0220a.png,746,177,C-Rubble,
i0220a.png,607,302,C-Rubble,
i0220a.png,689,893,C-Rubble,
i0220a.png,675,866,C-Rubble,
i0220a.png,735,988,C-Rubble,
i0220a.png,928,221,C-Rubble,
i0220a.png,814,624,C-Rubble,
i0220b.png,90,89,C-Rubble,
i0220b.png,156,302,C-Rubble,
i0220b.png,308,206,C-Rubble,
i0220b.png,237,24,C-Rubble,
i0220b.png,317,152,C-Rubble,
i0220b.png,463,954,C-Rubble,
i0220b.png,588,625,C-Rubble,
i0220b.png,635,547,C-Rubble,
i0220b.png,638,752,C-Rubble,
i0220b.png,500,736,C-Rubble,
i0220b.png,765,61,C-Rubble,
i0220b.png,786,465,C-Rubble,
i0220c.png,56,268,C-Rubble,
i0220c.png,55,1038,C-Rubble,
i0220c.png,19,967,C-Rubble,
i0220c.png,246,575,C-Rubble,
i0220c.png,250,513,C-Rubble,
i0220c.png,277,989,C-Rubble,
i0220c.png,244,1004,C-Rubble,
i0220c.png,524,26,C-Rubble,
i0220c.png,389,628,C-Rubble,
i0220c.png,638,605,C-Rubble,
i0220c.png,559,638,C-Rubble,
i0220c.png,865,379,C-Rubble,
i0220c.png,859,389,C-Rubble,
i0220c.png,777,534,C-Rubble,
i0220c.png,885,565,C-Rubble,
i0220c.png,862,929,C-Rubble,
i0220d.png,8,607,C-Rubble,
i0220d.png,20,901,C-Rubble,
i0220d.png,86,807,C-Rubble,
i0220d.png,44,939,C-Rubble,
i0220d.png,245,425,C-Rubble,
i0220d.png,245,446,C-Rubble,
i0220d.png,337,574,C-Rubble,
i0220d.png,337,523,C-Rubble,
i0220d.png,529,201,C-Rubble,
i0220d.png,437,134,C-Rubble,
i0220d.png,557,215,C-Rubble,
i0220d.png,416,320,C-Rubble,
i0220d.png,669,64,C-Rubble,
i0220d.png,604,864,C-Rubble,
i0220d.png,732,1012,C-Rubble,
i0220d.png,828,1037,C-Rubble,
i0221a.png,145,1135,C-Rubble,
i0221a.png,331,676,C-Rubble,
i0221a.png,227,1052,C-Rubble,
i0221a.png,354,384,C-Rubble,
i0221a.png,509,949,C-Rubble,
i0221a.png,600,493,C-Rubble,
i0221a.png,686,781,C-Rubble,
i0221a.png,540,796,C-Rubble,
i0221a.png,616,1045,C-Rubble,
i0221a.png,525,995,C-Rubble,
i0221a.png,670,1036,C-Rubble,
i0221a.png,814,431,C-Rubble,
i0221a.png,788,1065,C-Rubble,
i0221b.png,209,553,C-Rubble,
i0221b.png,198,764,C-Rubble,
i0221b.png,492,92,C-Rubble,
i0221b.png,379,93,C-Rubble,
i0221b.png,469,1063,C-Rubble,
i0221b.png,425,965,C-Rubble,
i0221b.png,650,60,C-Rubble,
i0221b.png,654,82,C-Rubble,
i0221b.png,534,582,C-Rubble,
i0221b.png,602,798,C-Rubble,
i0221b.png,559,1149,C-Rubble,
i0221b.png,553,1146,C-Rubble,
i0221b.png,829,201,C-Rubble,
i0221b.png,849,237,C-Rubble,
i0221b.png,813,342,C-Rubble,
i0221c.png,101,882,C-Rubble,
i0221c.png,165,1023,C-Rubble,
i0221c.png,269,247,C-Rubble,
i0221c.png,269,571,C-Rubble,
i0221c.png,476,98,C-Rubble,
i0221c.png,544,377,C-Rubble,
i0221c.png,459,828,C-Rubble,
i0221c.png,745,190,C-Rubble,
i0221c.png,598,537,C-Rubble,
i0221c.png,937,779,C-Rubble,
i0221d.png,367,25,C-Rubble,
i0221d.png,649,34,C-Rubble,
i0221d.png,739,235,C-Rubble,
i0221d.png,734,522,C-Rubble,
i0222a.png,314,162,C-Rubble,
i0222a.png,245,269,C-Rubble,
i0222a.png,239,246,C-Rubble,
i0222a.png,272,1013,C-Rubble,
i0222a.png,351,201,C-Rubble,
i0222a.png,461,204,C-Rubble,
i0222a.png,419,446,C-Rubble,
i0222a.png,486,700,C-Rubble,
i0222a.png,440,741,C-Rubble,
i0222a.png,484,976,C-Rubble,
i0222b.png,145,20,C-Rubble,
i0222b.png,274,685,C-Rubble,
i0222b.png,471,31,C-Rubble,
i0222b.png,472,571,C-Rubble,
i0222b.png,424,1010,C-Rubble,
i0222b.png,483,268,C-Rubble,
i0222b.png,591,283,C-Rubble,
i0222b.png,526,562,C-Rubble,
i0222b.png,487,675,C-Rubble,
i0222b.png,790,87,C-Rubble,
i0222b.png,717,807,C-Rubble,
i0222b.png,788,1045,C-Rubble,
i0222c.png,178,121,C-Rubble,
i0222c.png,137,380,C-Rubble,
i0222c.png,48,237,C-Rubble,
i0222c.png,174,841,C-Rubble,
i0222c.png,192,922,C-Rubble,
i0222c.png,852,877,C-Rubble,
i0222d.png,64,409,C-Rubble,
i0222d.png,118,329,C-Rubble,
i0222d.png,86,712,C-Rubble,
i0222d.png,156,791,C-Rubble,
i0222d.png,42,992,C-Rubble,
i0222d.png,33,1007,C-Rubble,
i0222d.png,197,342,C-Rubble,
i0223a.png,198,189,C-Rubble,
i0223a.png,371,525,C-Rubble,
i0223a.png,517,75,C-Rubble,
i0223a.png,536,76,C-Rubble,
i0223a.png,732,66,C-Rubble,
i0223b.png,410,34,C-Rubble,
i0223b.png,435,137,C-Rubble,
i0223b.png,360,499,C-Rubble,
i0223c.png,182,159,C-Rubble,
i0223c.png,54,222,C-Rubble,
i0223c.png,249,462,C-Rubble,
i0223d.png,185,202,C-Rubble,
i0223d.png,125,98,C-Rubble,
i0223d.png,116,232,C-Rubble,
i0223d.png,283,140,C-Rubble,
i0224a.png,236,912,C-Rubble,
i0224a.png,617,753,C-Rubble,
i0224a.png,835,864,C-Rubble,
i0224b.png,505,1074,C-Rubble,
i0224b.png,685,628,C-Rubble,
i0224c.png,737,1080,C-Rubble,
i0224c.png,656,994,C-Rubble,
i0224c.png,722,1057,C-Rubble,
i0224d.png,112,605,C-Rubble,
i0224d.png,445,629,C-Rubble,
i0224d.png,604,680,C-Rubble,
i0224d.png,551,927,C-Rubble,
i0224d.png,943,750,C-Rubble,
i0225a.png,576,206,C-Rubble,
i0225a.png,553,621,C-Rubble,
i0225a.png,689,273,C-Rubble,
i0225a.png,785,368,C-Rubble,
i0225a.png,670,667,C-Rubble,
i0225a.png,774,751,C-Rubble,
i0225a.png,741,703,C-Rubble,
i0225a.png,762,785,C-Rubble,
i0225b.png,536,262,C-Rubble,
i0225b.png,673,344,C-Rubble,
i0225b.png,624,418,C-Rubble,
i0225b.png,798,573,C-Rubble,
i0225c.png,398,300,C-Rubble,
i0225c.png,630,377,C-Rubble,
i0225d.png,359,529,C-Rubble,
i0225d.png,455,119,C-Rubble,
i0225d.png,475,42,C-Rubble,
i0225d.png,434,551,C-Rubble,
i0225d.png,742,1015,C-Rubble,
i0225d.png,853,477,C-Rubble,
i0301a.png,378,1004,C-Rubble,
i0301a.png,689,671,C-Rubble,
i0301a.png,667,766,C-Rubble,
i0301a.png,746,1075,C-Rubble,
i0301a.png,951,525,C-Rubble,
i0301a.png,901,837,C-Rubble,
i0301b.png,110,65,C-Rubble,
i0301b.png,185,770,C-Rubble,
i0301b.png,193,63,C-Rubble,
i0301b.png,406,635,C-Rubble,
i0301b.png,507,826,C-Rubble,
i0301b.png,606,558,C-Rubble,
i0301b.png,753,474,C-Rubble,
i0301b.png,585,890,C-Rubble,
i0301b.png,571,1002,C-Rubble,
i0301b.png,883,407,C-Rubble,
i0301b.png,871,563,C-Rubble,
i0301c.png,72,794,C-Rubble,
i0301c.png,133,792,C-Rubble,
i0301c.png,269,891,C-Rubble,
i0301c.png,185,812,C-Rubble,
i0301c.png,319,1130,C-Rubble,
i0301c.png,298,1077,C-Rubble,
i0301c.png,502,74,C-Rubble,
i0301c.png,485,414,C-Rubble,
i0301c.png,397,740,C-Rubble,
i0301c.png,477,753,C-Rubble,
i0301c.png,700,692,C-Rubble,
i0301c.png,623,1039,C-Rubble,
i0301c.png,815,6,C-Rubble,
i0301c.png,777,566,C-Rubble,
i0301d.png,233,678,C-Rubble,
i0301d.png,182,966,C-Rubble,
i0301d.png,473,63,C-Rubble,
i0301d.png,425,495,C-Rubble,
i0301d.png,409,741,C-Rubble,
i0301d.png,529,670,C-Rubble,
i0301d.png,569,139,C-Rubble,
i0301d.png,603,321,C-Rubble,
i0301d.png,550,341,C-Rubble,
i0301d.png,611,498,C-Rubble,
i0301d.png,638,838,C-Rubble,
i0301d.png,792,935,C-Rubble,
i0302c.png,345,540,C-Rubble,
i0302c.png,735,165,C-Rubble,
i0302c.png,777,275,C-Rubble,
i0302d.png,692,283,C-Rubble,
i0303d.png,727,474,C-Rubble,
i0303d.png,853,756,C-Rubble,
i0303d.png,1032,816,C-Rubble,
i0303d.png,1065,798,C-Rubble,
i0303d.png,965,764,C-Rubble,
i0304a.png,280,545,C-Rubble,
i0304a.png,331,463,C-Rubble,
i0304a.png,398,505,C-Rubble,
i0304a.png,399,483,C-Rubble,
i0304b.png,195,675,C-Rubble,
i0304c.png,734,460,C-Rubble,
i0304c.png,811,323,C-Rubble,
i0304d.png,46,998,C-Rubble,
i0304d.png,800,262,C-Rubble,
i0305a.png,110,433,C-Rubble,
i0305a.png,300,549,C-Rubble,
i0305a.png,232,502,C-Rubble,
i0305a.png,326,715,C-Rubble,
i0305a.png,227,756,C-Rubble,
i0305a.png,303,743,C-Rubble,
i0305a.png,498,321,C-Rubble,
i0305a.png,448,510,C-Rubble,
i0305a.png,525,579,C-Rubble,
i0305a.png,590,594,C-Rubble,
i0305a.png,608,446,C-Rubble,
i0305a.png,641,863,C-Rubble,
i0305b.png,75,328,C-Rubble,
i0305b.png,233,723,C-Rubble,
i0305b.png,469,409,C-Rubble,
i0305b.png,698,720,C-Rubble,
i0305b.png,916,565,C-Rubble,
i0305b.png,897,556,C-Rubble,
i0305c.png,101,271,C-Rubble,
i0305c.png,148,412,C-Rubble,
i0305c.png,182,504,C-Rubble,
i0305d.png,44,230,C-Rubble,
i0305d.png,252,862,C-Rubble,
i0305d.png,422,232,C-Rubble,
i0305d.png,347,740,C-Rubble,
i0306a.png,248,1058,C-Rubble,
i0306a.png,679,411,C-Rubble,
i0306a.png,828,396,C-Rubble,
i0306b.png,466,878,C-Rubble,
i0306b.png,748,706,C-Rubble,
i0306d.png,66,162,C-Rubble,
i0307a.png,217,967,C-Rubble,
i0307b.png,745,1068,C-Rubble,
i0307c.png,1,169,C-Rubble,
i0307d.png,471,1021,C-Rubble,
i0308a.png,92,658,C-Rubble,
i0308a.png,123,609,C-Rubble,
i0308a.png,28,729,C-Rubble,
i0308a.png,346,71,C-Rubble,
i0308a.png,574,617,C-Rubble,
i0308a.png,747,96,C-Rubble,
i0308a.png,774,654,C-Rubble,
i0308a.png,621,758,C-Rubble,
i0308a.png,868,524,C-Rubble,
i0308b.png,40,199,C-Rubble,
i0308b.png,86,630,C-Rubble,
i0308b.png,281,468,C-Rubble,
i0308b.png,240,470,C-Rubble,
i0308b.png,392,120,C-Rubble,
i0308b.png,379,155,C-Rubble,
i0308b.png,828,386,C-Rubble,
i0308b.png,766,280,C-Rubble,
i0308c.png,30,808,C-Rubble,
i0308c.png,118,662,C-Rubble,
i0308c.png,293,314,C-Rubble,
i0308c.png,372,396,C-Rubble,
i0308d.png,80,679,C-Rubble,
i0308d.png,228,405,C-Rubble,
i0308d.png,542,134,C-Rubble,
i0308d.png,560,104,C-Rubble,
i0309a.png,261,1005,C-Rubble,
i0309a.png,794,434,C-Rubble,
i0309b.png,565,780,C-Rubble,
i0309c.png,189,975,C-Rubble,
i0309c.png,196,1007,C-Rubble,
i0309c.png,570,59,C-Rubble,
i0309c.png,509,666,C-Rubble,
i0309c.png,592,1015,C-Rubble,
i0309d.png,170,818,C-Rubble,
i0309d.png,247,867,C-Rubble,
i0309d.png,642,996,C-Rubble,
i0309d.png,778,238,C-Rubble,
i0309d.png,811,465,C-Rubble,
i0310b.png,199,526,C-Rubble,
i0310b.png,273,834,C-Rubble,
i0310c.png,32,1029,C-Rubble,
i0310c.png,457,314,C-Rubble,
i0310c.png,576,543,C-Rubble,
i0310c.png,546,502,C-Rubble,
i0310c.png,701,623,C-Rubble,
i0310c.png,755,457,C-Rubble,
i0310d.png,536,344,C-Rubble,
i0310d.png,620,319,C-Rubble,
i0310d.png,683,976,C-Rubble,
i0310d.png,684,975,C-Rubble,
i0310d.png,667,941,C-Rubble,
i0311a.png,452,200,C-Rubble,
i0311a.png,667,441,C-Rubble,
i0311a.png,590,466,C-Rubble,
i0311a.png,866,258,C-Rubble,
i0311b.png,88,958,C-Rubble,
i0311b.png,46,914,C-Rubble,
i0311b.png,179,987,C-Rubble,
i0311b.png,408,150,C-Rubble,
i0311b.png,448,1023,C-Rubble,
i0311b.png,758,34,C-Rubble,
i0311b.png,678,25,C-Rubble,
i0311b.png,756,428,C-Rubble,
i0311b.png,736,929,C-Rubble,
i0311c.png,202,397,C-Rubble,
i0311c.png,231,461,C-Rubble,
i0311c.png,387,118,C-Rubble,
i0311c.png,677,207,C-Rubble,
i0311c.png,727,380,C-Rubble,
i0311c.png,824,340,C-Rubble,
i0311d.png,127,811,C-Rubble,
i0311d.png,229,191,C-Rubble,
i0311d.png,225,462,C-Rubble,
i0311d.png,740,740,C-Rubble,
i0311d.png,740,776,C-Rubble,
i0312a.png,166,848,C-Rubble,
i0312a.png,86,1041,C-Rubble,
i0312b.png,64,951,C-Rubble,
i0312b.png,202,932,C-Rubble,
i0312b.png,641,913,C-Rubble,
i0312d.png,769,828,C-Rubble,
i0312d.png,839,996,C-Rubble,
i0312d.png,781,935,C-Rubble,
i0313a.png,83,434,C-Rubble,
i0313a.png,374,114,C-Rubble,
i0313a.png,347,129,C-Rubble,
i0313a.png,642,30,C-Rubble,
i0313a.png,497,412,C-Rubble,
i0313a.png,812,142,C-Rubble,
i0313a.png,676,179,C-Rubble,
i0313b.png,327,12,C-Rubble,
i0313c.png,154,382,C-Rubble,
i0313d.png,93,32,C-Rubble,
i0314a.png,138,831,C-Rubble,
i0314a.png,73,794,C-Rubble,
i0314a.png,289,322,C-Rubble,
i0314a.png,325,1017,C-Rubble,
i0314a.png,276,1125,C-Rubble,
i0314a.png,381,676,C-Rubble,
i0314a.png,498,763,C-Rubble,
i0314a.png,412,741,C-Rubble,
i0314a.png,399,933,C-Rubble,
i0314a.png,359,1004,C-Rubble,
i0314a.png,376,1014,C-Rubble,
i0314a.png,513,227,C-Rubble,
i0314a.png,522,315,C-Rubble,
i0314a.png,580,417,C-Rubble,
i0314a.png,657,650,C-Rubble,
i0314a.png,503,825,C-Rubble,
i0314a.png,712,804,C-Rubble,
i0314a.png,829,1080,C-Rubble,
i0314b.png,97,630,C-Rubble,
i0314b.png,62,638,C-Rubble,
i0314b.png,92,778,C-Rubble,
i0314b.png,97,964,C-Rubble,
i0314b.png,264,290,C-Rubble,
i0314b.png,282,525,C-Rubble,
i0314b.png,215,860,C-Rubble,
i0314b.png,431,744,C-Rubble,
i0314b.png,426,715,C-Rubble,
i0314b.png,335,1138,C-Rubble,
i0314b.png,478,231,C-Rubble,
i0314b.png,714,479,C-Rubble,
i0314b.png,745,611,C-Rubble,
i0314b.png,647,1114,C-Rubble,
i0314c.png,53,344,C-Rubble,
i0314c.png,151,442,C-Rubble,
i0314c.png,116,719,C-Rubble,
i0314c.png,56,968,C-Rubble,
i0314c.png,110,824,C-Rubble,
i0314d.png,29,350,C-Rubble,
i0314d.png,122,455,C-Rubble,
i0314d.png,116,544,C-Rubble,
i0314d.png,12,765,C-Rubble,
i0314d.png,32,735,C-Rubble,
i0314d.png,166,725,C-Rubble,
i0314d.png,158,1103,C-Rubble,
i0314d.png,250,879,C-Rubble,
i0314d.png,325,836,C-Rubble,
i0314d.png,443,887,C-Rubble,
i0314d.png,514,1028,C-Rubble,
i0314d.png,523,1006,C-Rubble,
i0315a.png,525,531,C-Rubble,
i0315a.png,680,642,C-Rubble,
i0315a.png,539,683,C-Rubble,
i0315b.png,151,37,C-Rubble,
i0315b.png,720,974,C-Rubble,
i0315b.png,736,303,C-Rubble,
i0315b.png,800,1002,C-Rubble,
i0315b.png,890,971,C-Rubble,
i0315c.png,455,649,C-Rubble,
i0315d.png,372,393,C-Rubble,
i0317a.png,339,320,C-Rubble,
i0317a.png,311,308,C-Rubble,
i0317a.png,375,322,C-Rubble,
i0317a.png,471,484,C-Rubble,
i0317a.png,533,515,C-Rubble,
i0317a.png,739,161,C-Rubble,
i0317b.png,14,815,C-Rubble,
i0317b.png,331,207,C-Rubble,
i0317b.png,188,53,C-Rubble,
i0317b.png,183,45,C-Rubble,
i0317b.png,671,418,C-Rubble,
i0317b.png,600,306,C-Rubble,
i0317c.png,125,277,C-Rubble,
i0317c.png,163,358,C-Rubble,
i0317c.png,108,743,C-Rubble,
i0317c.png,193,264,C-Rubble,
i0317c.png,189,625,C-Rubble,
i0317c.png,887,328,C-Rubble,
i0317d.png,131,311,C-Rubble,
i0317d.png,396,286,C-Rubble,
i0317d.png,406,566,C-Rubble,
i0317d.png,405,560,C-Rubble,
i0318a.png,345,233,C-Rubble,
i0318a.png,368,446,C-Rubble,
i0318a.png,342,470,C-Rubble,
i0318a.png,403,621,C-Rubble,
i0318a.png,371,681,C-Rubble,
i0318a.png,479,944,C-Rubble,
i0318a.png,405,951,C-Rubble,
i0318b.png,162,392,C-Rubble,
i0318b.png,353,502,C-Rubble,
i0318b.png,509,676,C-Rubble,
i0318b.png,511,746,C-Rubble,
i0318b.png,511,757,C-Rubble,
i0318b.png,435,1095,C-Rubble,
i0318c.png,74,166,C-Rubble,
i0318c.png,161,433,C-Rubble,
i0318c.png,69,458,C-Rubble,
i0318c.png,107,919,C-Rubble,
i0319a.png,143,806,C-Rubble,
i0319a.png,66,927,C-Rubble,
i0319a.png,603,560,C-Rubble,
i0319a.png,782,270,C-Rubble,
i0319a.png,779,616,C-Rubble,
i0319b.png,97,721,C-Rubble,
i0319b.png,70,658,C-Rubble,
i0319b.png,79,822,C-Rubble,
i0319b.png,361,524,C-Rubble,
i0319b.png,318,453,C-Rubble,
i0319b.png,507,596,C-Rubble,
i0319b.png,568,679,C-Rubble,
i0319b.png,495,834,C-Rubble,
i0319b.png,456,905,C-Rubble,
i0319c.png,104,868,C-Rubble,
i0319c.png,169,70,C-Rubble,
i0319c.png,245,763,C-Rubble,
i0319c.png,446,613,C-Rubble,
i0319d.png,48,525,C-Rubble,
i0319d.png,198,339,C-Rubble,
i0319d.png,400,650,C-Rubble,
i0319d.png,514,722,C-Rubble,
i0319d.png,567,789,C-Rubble,
i0319d.png,713,731,C-Rubble,
i0320a.png,154,243,C-Rubble,
i0320a.png,227,98,C-Rubble,
i0320a.png,274,951,C-Rubble,
i0320a.png,243,1021,C-Rubble,
i0320a.png,325,1000,C-Rubble,
i0320a.png,591,81,C-Rubble,
i0320a.png,651,271,C-Rubble,
i0320a.png,697,98,C-Rubble,
i0320a.png,723,61,C-Rubble,
i0320a.png,831,694,C-Rubble,
i0320a.png,793,854,C-Rubble,
i0320c.png,402,10,C-Rubble,
i0320c.png,416,36,C-Rubble,
i0320c.png,412,43,C-Rubble,
i0320d.png,250,125,C-Rubble,
i0320d.png,426,57,C-Rubble,
i0321a.png,377,387,C-Rubble,
i0321a.png,421,731,C-Rubble,
i0321a.png,497,998,C-Rubble,
i0321a.png,539,835,C-Rubble,
i0321a.png,497,1001,C-Rubble,
i0321b.png,74,306,C-Rubble,
i0321b.png,147,994,C-Rubble,
i0321b.png,465,7,C-Rubble,
i0321b.png,667,307,C-Rubble,
i0321b.png,584,455,C-Rubble,
i0321b.png,749,371,C-Rubble,
i0321b.png,725,963,C-Rubble,
i0321c.png,461,326,C-Rubble,
i0321d.png,716,4,C-Rubble,
i0322a.png,275,1035,C-Rubble,
i0322a.png,231,887,C-Rubble,
i0322a.png,698,1040,C-Rubble,
i0322b.png,157,316,C-Rubble,
i0322b.png,294,604,C-Rubble,
i0322b.png,346,512,C-Rubble,
i0322b.png,334,786,C-Rubble,
i0322b.png,690,454,C-Rubble,
i0322b.png,786,514,C-Rubble,
i0322b.png,801,543,C-Rubble,
i0322c.png,39,827,C-Rubble,
i0322d.png,294,300,C-Rubble,
i0322d.png,622,597,C-Rubble,
i0322d.png,682,403,C-Rubble,
i0322d.png,704,707,C-Rubble,
i0322d.png,648,648,C-Rubble,
i0323b.png,360,976,C-Rubble,
i0323b.png,599,767,C-Rubble,
i0323b.png,713,692,C-Rubble,
i0323b.png,716,845,C-Rubble,
i0323b.png,729,868,C-Rubble,
i0323d.png,702,163,C-Rubble,
i0323d.png,665,60,C-Rubble,
i0324b.png,376,360,C-Rubble,
i0324b.png,868,601,C-Rubble,
i0324c.png,705,47,C-Rubble,
i0325a.png,452,729,C-Rubble,
i0325a.png,542,975,C-Rubble,
i0325a.png,853,837,C-Rubble,
i0325b.png,524,710,C-Rubble,
i0325b.png,605,768,C-Rubble,
i0325b.png,694,711,C-Rubble,
i0325b.png,553,978,C-Rubble,
i0325b.png,802,889,C-Rubble,
i0325c.png,234,696,C-Rubble,
i0325c.png,366,1008,C-Rubble,
i0325c.png,451,854,C-Rubble,
i0325d.png,238,735,C-Rubble,
i0325d.png,315,719,C-Rubble,
i0325d.png,319,742,C-Rubble,
o0201a.png,88,20,HS,
o0201a.png,142,508,HS,
o0201a.png,17,1021,HS,
o0201a.png,296,267,HS,
o0201a.png,412,352,HS,
o0201a.png,514,50,HS,
o0201a.png,635,319,HS,
o0201a.png,640,425,HS,
o0201a.png,532,435,HS,
o0201a.png,580,914,HS,
o0201a.png,727,289,HS,
o0201a.png,693,254,HS,
o0201a.png,806,842,HS,
o0201a.png,706,767,HS,
o0201a.png,811,780,HS,
o0201a.png,796,970,HS,
o0201b.png,162,217,HS,
o0201b.png,45,94,HS,
o0201b.png,302,174,HS,
o0201b.png,301,243,HS,
o0201b.png,265,953,HS,
o0201b.png,640,168,HS,
o0201b.png,617,748,HS,
o0201b.png,540,922,HS,
o0201c.png,52,403,HS,
o0201c.png,89,417,HS,
o0201c.png,259,454,HS,
o0201c.png,220,868,HS,
o0201c.png,416,59,HS,
o0201c.png,551,38,HS,
o0201c.png,667,880,HS,
o0201c.png,850,99,HS,
o0201c.png,827,171,HS,
o0201c.png,805,489,HS,
o0201c.png,728,683,HS,
o0201d.png,386,1070,HS,
o0201d.png,568,33,HS,
o0201d.png,460,386,HS,
o0201d.png,492,431,HS,
o0201d.png,461,733,HS,
o0201d.png,866,48,HS,
o0201d.png,905,159,HS,
o0201d.png,816,451,HS,
o0202a.png,72,175,HS,
o0202a.png,112,338,HS,
o0202a.png,70,468,HS,
o0202a.png,297,479,HS,
o0202a.png,201,742,HS,
o0202a.png,519,1073,HS,
o0202a.png,578,587,HS,
o0202a.png,631,556,HS,
o0202a.png,912,106,HS,
o0202a.png,878,550,HS,
o0202a.png,882,861,HS,
o0202b.png,256,610,HS,
o0202b.png,294,628,HS,
o0202b.png,348,811,HS,
o0202b.png,345,995,HS,
o0202b.png,512,623,HS,
o0202b.png,401,687,HS,
o0202b.png,385,734,HS,
o0202b.png,496,1170,HS,
o0202b.png,675,633,HS,
o0202b.png,538,924,HS,
o0202b.png,569,778,HS,
o0202b.png,612,1166,HS,
o0202b.png,711,600,HS,
o0202b.png,797,933,HS,
o0202c.png,241,94,HS,
o0202c.png,343,302,HS,
o0202c.png,629,337,HS,
o0202c.png,489,364,HS,
o0202c.png,550,498,HS,
o0202c.png,768,179,HS,
o0202c.png,694,432,HS,
o0202c.png,711,435,HS,
o0202c.png,775,1237,HS,
o0202c.png,931,452,HS,
o0202c.png,934,489,HS,
o0202d.png,110,800,HS,
o0202d.png,46,1055,HS,
o0202d.png,315,205,HS,
o0202d.png,244,41,HS,
o0202d.png,278,776,HS,
o0202d.png,296,1059,HS,
o0202d.png,347,1085,HS,
o0202d.png,390,142,HS,
o0202d.png,471,401,HS,
o0202d.png,659,423,HS,
o0202d.png,724,808,HS,
o0202d.png,681,829,HS,
o0202d.png,883,149,HS,
o0202d.png,904,155,HS,
o0203a.png,80,369,HS,
o0203a.png,50,298,HS,
o0203a.png,140,803,HS,
o0203a.png,277,373,HS,
o0203a.png,264,1058,HS,
o0203a.png,321,961,HS,
o0203a.png,501,707,HS,
o0203a.png,610,784,HS,
o0203a.png,531,890,HS,
o0203a.png,606,939,HS,
o0203a.png,713,345,HS,
o0203a.png,766,407,HS,
o0203a.png,733,304,HS,
o0203a.png,742,235,HS,
o0203a.png,778,589,HS,
o0203b.png,58,94,HS,
o0203b.png,104,483,HS,
o0203b.png,142,759,HS,
o0203b.png,261,845,HS,
o0203b.png,315,764,HS,
o0203b.png,334,78,HS,
o0203b.png,332,946,HS,
o0203b.png,647,1108,HS,
o0203b.png,643,1154,HS,
o0203c.png,169,113,HS,
o0203c.png,47,351,HS,
o0203c.png,95,312,HS,
o0203c.png,25,518,HS,
o0203c.png,316,114,HS,
o0203c.png,223,405,HS,
o0203c.png,511,10,HS,
o0203c.png,521,718,HS,
o0203c.png,850,810,HS,
o0203c.png,929,1022,HS,
o0203d.png,117,97,HS,
o0203d.png,63,405,HS,
o0203d.png,49,283,HS,
o0203d.png,69,598,HS,
o0203d.png,13,496,HS,
o0203d.png,141,854,HS,
o0203d.png,903,405,HS,
o0203d.png,871,262,HS,
o0203d.png,908,607,HS,
o0204a.png,103,491,HS,
o0204a.png,48,813,HS,
o0204a.png,117,903,HS,
o0204a.png,136,833,HS,
o0204a.png,190,1056,HS,
o0204a.png,489,928,HS,
o0204a.png,392,760,HS,
o0204a.png,433,1218,HS,
o0204a.png,517,1064,HS,
o0204a.png,842,299,HS,
o0204b.png,84,664,HS,
o0204b.png,184,957,HS,
o0204b.png,115,1064,HS,
o0204b.png,264,793,HS,
o0204b.png,245,741,HS,
o0204b.png,411,109,HS,
o0204b.png,376,452,HS,
o0204b.png,440,414,HS,
o0204b.png,414,754,HS,
o0204b.png,544,1012,HS,
o0204b.png,377,1077,HS,
o0204b.png,613,824,HS,
o0204b.png,871,414,HS,
o0204b.png,745,419,HS,
o0204b.png,793,640,HS,
o0204b.png,894,845,HS,
o0204c.png,372,413,HS,
o0204c.png,378,277,HS,
o0204c.png,432,311,HS,
o0204c.png,473,527,HS,
o0204c.png,469,965,HS,
o0204c.png,943,458,HS,
o0204c.png,817,309,HS,
o0204c.png,994,889,HS,
o0204c.png,834,986,HS,
o0204d.png,63,142,HS,
o0204d.png,189,800,HS,
o0204d.png,436,167,HS,
o0204d.png,483,144,HS,
o0204d.png,408,899,HS,
o0204d.png,483,921,HS,
o0204d.png,632,40,HS,
o0204d.png,925,277,HS,
o0204d.png,843,581,HS,
o0204d.png,836,553,HS,
o0204d.png,940,672,HS,
o0205a.png,4,109,HS,
o0205a.png,26,55,HS,
o0205a.png,152,139,HS,
o0205a.png,51,346,HS,
o0205a.png,245,472,HS,
o0205a.png,348,955,HS,
o0205a.png,338,1003,HS,
o0205a.png,463,596,HS,
o0205a.png,480,544,HS,
o0205a.png,502,799,HS,
o0205a.png,495,894,HS,
o0205a.png,529,1148,HS,
o0205a.png,663,670,HS,
o0205a.png,541,899,HS,
o0205a.png,899,692,HS,
o0205a.png,829,907,HS,
o0205a.png,729,1169,HS,
o0205b.png,150,133,HS,
o0205b.png,175,738,HS,
o0205b.png,288,109,HS,
o0205b.png,201,260,HS,
o0205b.png,275,989,HS,
o0205b.png,415,380,HS,
o0205b.png,423,283,HS,
o0205b.png,380,680,HS,
o0205b.png,710,118,HS,
o0205b.png,605,463,HS,
o0205b.png,601,314,HS,
o0205b.png,830,121,HS,
o0205b.png,888,747,HS,
o0205b.png,765,1147,HS,
o0205b.png,805,1137,HS,
o0205c.png,3,631,HS,
o0205c.png,161,892,HS,
o0205c.png,104,1052,HS,
o0205c.png,246,494,HS,
o0205c.png,268,1077,HS,
o0205c.png,538,104,HS,
o0205c.png,636,41,HS,
o0205c.png,790,1065,HS,
o0205c.png,849,0,HS,
o0205c.png,845,439,HS,
o0205c.png,891,336,HS,
o0205c.png,861,321,HS,
o0205c.png,997,300,HS,
o0205c.png,913,451,HS,
o0205d.png,119,430,HS,
o0205d.png,86,523,HS,
o0205d.png,20,844,HS,
o0205d.png,346,593,HS,
o0205d.png,282,930,HS,
o0205d.png,424,833,HS,
o0205d.png,730,202,HS,
o0205d.png,778,83,HS,
o0205d.png,681,1086,HS,
o0205d.png,976,69,HS,
o0205d.png,1001,907,HS,
o0205d.png,886,1046,HS,
o0206a.png,31,394,HS,
o0206a.png,153,634,HS,
o0206a.png,312,240,HS,
o0206a.png,355,452,HS,
o0206a.png,267,379,HS,
o0206a.png,301,670,HS,
o0206a.png,276,609,HS,
o0206a.png,278,823,HS,
o0206a.png,178,989,HS,
o0206a.png,339,1115,HS,
o0206a.png,462,272,HS,
o0206a.png,512,722,HS,
o0206a.png,383,1177,HS,
o0206a.png,535,228,HS,
o0206a.png,618,720,HS,
o0206a.png,797,19,HS,
o0206a.png,724,681,HS,
o0206b.png,154,222,HS,
o0206b.png,119,653,HS,
o0206b.png,277,176,HS,
o0206b.png,494,16,HS,
o0206b.png,462,481,HS,
o0206b.png,696,235,HS,
o0206b.png,705,1037,HS,
o0206b.png,556,1016,HS,
o0206b.png,621,1051,HS,
o0206b.png,739,916,HS,
o0206c.png,15,251,HS,
o0206c.png,44,755,HS,
o0206c.png,254,279,HS,
o0206c.png,372,954,HS,
o0206c.png,411,1032,HS,
o0206d.png,121,13,HS,
o0206d.png,468,54,HS,
o0206d.png,437,800,HS,
o0207a.png,281,649,HS,
o0207a.png,269,1081,HS,
o0207a.png,571,78,HS,
o0207a.png,488,378,HS,
o0207a.png,446,633,HS,
o0207a.png,599,787,HS,
o0207a.png,632,1133,HS,
o0207a.png,784,783,HS,
o0207a.png,715,1190,HS,
o0207a.png,1040,517,HS,
o0207a.png,942,872,HS,
o0207b.png,165,1001,HS,
o0207b.png,169,1001,HS,
o0207b.png,303,268,HS,
o0207b.png,326,1008,HS,
o0207b.png,517,432,HS,
o0207b.png,422,703,HS,
o0207b.png,406,1015,HS,
o0207b.png,676,1101,HS,
o0207b.png,823,450,HS,
o0207b.png,748,243,HS,
o0207b.png,701,710,HS,
o0207c.png,27,237,HS,
o0207c.png,82,292,HS,
o0207c.png,354,255,HS,
o0207c.png,259,990,HS,
o0207c.png,349,1011,HS,
o0207c.png,493,1104,HS,
o0207d.png,157,84,HS,
o0207d.png,137,317,HS,
o0207d.png,116,234,HS,
o0207d.png,5,479,HS,
o0207d.png,12,757,HS,
o0207d.png,227,268,HS,
o0207d.png,422,599,HS,
o0207d.png,919,404,HS,
o0208a.png,181,372,HS,
o0208a.png,481,88,HS,
o0208a.png,503,58,HS,
o0208a.png,405,866,HS,
o0208a.png,387,1103,HS,
o0208a.png,759,592,HS,
o0208a.png,715,1022,HS,
o0208b.png,58,308,HS,
o0208b.png,241,986,HS,
o0208b.png,231,1029,HS,
o0208b.png,519,429,HS,
o0208b.png,448,594,HS,
o0208b.png,480,1024,HS,
o0208b.png,538,1005,HS,
o0208b.png,699,553,HS,
o0208b.png,634,1168,HS,
o0208b.png,910,1165,HS,
o0208c.png,33,367,HS,
o0208c.png,588,23,HS,
o0208c.png,542,373,HS,
o0208c.png,771,62,HS,
o0208c.png,951,825,HS,
o0208d.png,101,654,HS,
o0208d.png,105,1143,HS,
o0208d.png,618,104,HS,
o0208d.png,938,90,HS,
o0209a.png,41,1023,HS,
o0209a.png,331,538,HS,
o0209a.png,347,626,HS,
o0209a.png,319,545,HS,
o0209a.png,219,1133,HS,
o0209a.png,426,144,HS,
o0209a.png,416,137,HS,
o0209a.png,423,708,HS,
o0209a.png,484,1099,HS,
o0209a.png,680,384,HS,
o0209a.png,542,278,HS,
o0209a.png,743,608,HS,
o0209a.png,777,859,HS,
o0209a.png,725,937,HS,
o0209a.png,806,1207,HS,
o0209a.png,747,1165,HS,
o0209a.png,743,990,HS,
o0209b.png,164,1078,HS,
o0209b.png,90,954,HS,
o0209b.png,380,241,HS,
o0209b.png,364,412,HS,
o0209b.png,366,684,HS,
o0209b.png,337,576,HS,
o0209b.png,376,678,HS,
o0209b.png,425,752,HS,
o0209b.png,439,317,HS,
o0209b.png,474,657,HS,
o0209b.png,672,326,HS,
o0209b.png,776,408,HS,
o0209b.png,807,393,HS,
o0209b.png,798,262,HS,
o0209b.png,680,1038,HS,
o0209c.png,210,301,HS,
o0209c.png,236,203,HS,
o0209c.png,487,185,HS,
o0209c.png,604,254,HS,
o0209c.png,431,348,HS,
o0209c.png,468,403,HS,
o0209c.png,447,545,HS,
o0209c.png,715,27,HS,
o0209c.png,773,377,HS,
o0209c.png,650,896,HS,
o0209c.png,676,825,HS,
o0209c.png,889,65,HS,
o0209c.png,899,164,HS,
o0209c.png,869,468,HS,
o0209c.png,870,779,HS,
o0209c.png,895,1151,HS,
o0209d.png,117,408,HS,
o0209d.png,65,552,HS,
o0209d.png,374,296,HS,
o0209d.png,224,379,HS,
o0209d.png,455,145,HS,
o0209d.png,544,85,HS,
o0209d.png,573,556,HS,
o0209d.png,703,360,HS,
o0209d.png,726,616,HS,
o0209d.png,705,824,HS,
o0209d.png,774,1118,HS,
o0209d.png,929,137,HS,
o0209d.png,956,360,HS,
o0209d.png,893,619,HS,
o0209d.png,895,731,HS,
o0210a.png,74,51,HS,
o0210a.png,24,189,HS,
o0210a.png,25,254,HS,
o0210a.png,109,914,HS,
o0210a.png,72,943,HS,
o0210a.png,37,1046,HS,
o0210a.png,291,443,HS,
o0210a.png,275,688,HS,
o0210a.png,490,197,HS,
o0210a.png,737,33,HS,
o0210a.png,791,567,HS,
o0210a.png,739,512,HS,
o0210a.png,791,1137,HS,
o0210b.png,273,906,HS,
o0210b.png,504,192,HS,
o0210b.png,469,410,HS,
o0210b.png,637,222,HS,
o0210b.png,580,110,HS,
o0210b.png,655,664,HS,
o0210b.png,645,768,HS,
o0210b.png,668,965,HS,
o0210b.png,865,869,HS,
o0210b.png,799,989,HS,
o0210b.png,980,23,HS,
o0210b.png,987,476,HS,
o0210b.png,1016,780,HS,
o0210b.png,970,721,HS,
o0210b.png,985,1087,HS,
o0210b.png,946,1089,HS,
o0210c.png,52,77,HS,
o0210c.png,211,122,HS,
o0210c.png,320,831,HS,
o0210c.png,307,1069,HS,
o0210c.png,395,950,HS,
o0210c.png,593,486,HS,
o0210c.png,730,756,HS,
o0210c.png,825,617,HS,
o0210c.png,861,620,HS,
o0210c.png,834,461,HS,
o0210c.png,813,737,HS,
o0210c.png,911,687,HS,
o0210d.png,74,339,HS,
o0210d.png,152,900,HS,
o0210d.png,347,370,HS,
o0210d.png,356,545,HS,
o0210d.png,196,739,HS,
o0210d.png,701,497,HS,
o0210d.png,621,704,HS,
o0210d.png,905,341,HS,
o0210d.png,804,522,HS,
o0210d.png,764,584,HS,
o0211a.png,128,882,HS,
o0211a.png,655,14,HS,
o0211a.png,665,22,HS,
o0211a.png,588,626,HS,
o0211a.png,702,80,HS,
o0211b.png,135,355,HS,
o0211b.png,22,715,HS,
o0211b.png,40,638,HS,
o0211b.png,330,820,HS,
o0211b.png,350,943,HS,
o0211b.png,526,790,HS,
o0211b.png,608,135,HS,
o0211b.png,749,1067,HS,
o0211b.png,750,1125,HS,
o0211b.png,893,930,HS,
o0211b.png,941,1024,HS,
o0211c.png,320,482,HS,
o0211c.png,245,310,HS,
o0211c.png,440,605,HS,
o0211c.png,565,683,HS,
o0211c.png,728,34,HS,
o0211c.png,874,1142,HS,
o0211c.png,1034,385,HS,
o0211d.png,197,119,HS,
o0211d.png,128,333,HS,
o0211d.png,177,1078,HS,
o0211d.png,330,323,HS,
o0211d.png,354,420,HS,
o0211d.png,387,574,HS,
o0211d.png,599,126,HS,
o0211d.png,447,491,HS,
o0211d.png,543,682,HS,
o0211d.png,576,944,HS,
o0211d.png,859,1073,HS,
o0212a.png,170,91,HS,
o0212a.png,18,369,HS,
o0212a.png,179,331,HS,
o0212a.png,208,557,HS,
o0212a.png,305,837,HS,
o0212a.png,274,947,HS,
o0212a.png,420,888,HS,
o0212a.png,420,877,HS,
o0212a.png,492,960,HS,
o0212a.png,375,999,HS,
o0212a.png,658,936,HS,
o0212a.png,750,1119,HS,
o0212b.png,131,1166,HS,
o0212b.png,232,13,HS,
o0212b.png,548,909,HS,
o0212b.png,419,1196,HS,
o0212b.png,594,738,HS,
o0212b.png,593,669,HS,
o0212b.png,601,1193,HS,
o0212b.png,956,590,HS,
o0212c.png,71,714,HS,
o0212c.png,243,1069,HS,
o0212c.png,218,1174,HS,
o0212c.png,457,231,HS,
o0212c.png,492,897,HS,
o0212c.png,852,95,HS,
o0212c.png,851,45,HS,
o0212c.png,761,1176,HS,
o0212c.png,894,191,HS,
o0212c.png,943,908,HS,
o0212c.png,992,1181,HS,
o0212d.png,57,514,HS,
o0212d.png,287,250,HS,
o0212d.png,246,1131,HS,
o0212d.png,485,589,HS,
o0212d.png,800,986,HS,
o0212d.png,937,432,HS,
o0212d.png,1016,450,HS,
o0212d.png,1029,709,HS,
o0213a.png,14,192,HS,
o0213a.png,46,324,HS,
o0213a.png,106,587,HS,
o0213a.png,252,84,HS,
o0213a.png,328,327,HS,
o0213a.png,341,245,HS,
o0213a.png,197,515,HS,
o0213a.png,323,652,HS,
o0213a.png,340,625,HS,
o0213a.png,390,592,HS,
o0213a.png,629,619,HS,
o0213a.png,562,785,HS,
o0213a.png,604,812,HS,
o0213a.png,631,1098,HS,
o0213a.png,891,426,HS,
o0213a.png,791,910,HS,
o0213b.png,120,92,HS,
o0213b.png,145,721,HS,
o0213b.png,122,669,HS,
o0213b.png,141,1152,HS,
o0213b.png,248,167,HS,
o0213b.png,193,647,HS,
o0213b.png,224,1182,HS,
o0213b.png,228,1093,HS,
o0213b.png,556,59,HS,
o0213b.png,846,242,HS,
o0213b.png,857,376,HS,
o0213b.png,825,532,HS,
o0213b.png,817,502,HS,
o0213b.png,692,533,HS,
o0213b.png,714,856,HS,
o0213b.png,796,1007,HS,
o0213c.png,232,351,HS,
o0213c.png,267,461,HS,
o0213c.png,275,412,HS,
o0213c.png,262,532,HS,
o0213c.png,387,1047,HS,
o0213c.png,225,1219,HS,
o0213c.png,456,182,HS,
o0213c.png,482,218,HS,
o0213c.png,584,731,HS,
o0213c.png,555,509,HS,
o0213c.png,644,331,HS,
o0213c.png,800,759,HS,
o0213c.png,749,560,HS,
o0213c.png,833,610,HS,
o0213c.png,691,796,HS,
o0213c.png,1053,367,HS,
o0213d.png,36,355,HS,
o0213d.png,91,504,HS,
o0213d.png,35,851,HS,
o0213d.png,311,511,HS,
o0213d.png,561,115,HS,
o0213d.png,579,1117,HS,
o0213d.png,886,294,HS,
o0213d.png,850,1090,HS,
o0214a.png,179,15,HS,
o0214a.png,15,867,HS,
o0214a.png,159,1095,HS,
o0214a.png,185,1103,HS,
o0214a.png,113,1001,HS,
o0214a.png,517,37,HS,
o0214a.png,463,5,HS,
o0214a.png,399,486,HS,
o0214a.png,598,7,HS,
o0214b.png,67,430,HS,
o0214b.png,143,286,HS,
o0214b.png,333,159,HS,
o0214b.png,393,264,HS,
o0214b.png,707,870,HS,
o0214b.png,746,771,HS,
o0214b.png,858,633,HS,
o0214b.png,809,926,HS,
o0214c.png,260,1034,HS,
o0214c.png,480,1121,HS,
o0214c.png,500,1011,HS,
o0214c.png,616,1126,HS,
o0214c.png,780,70,HS,
o0214c.png,643,310,HS,
o0214c.png,673,450,HS,
o0214c.png,690,483,HS,
o0214c.png,810,584,HS,
o0214c.png,977,3,HS,
o0214c.png,1013,456,HS,
o0214c.png,963,510,HS,
o0214d.png,177,663,HS,
o0214d.png,62,601,HS,
o0214d.png,173,1160,HS,
o0214d.png,153,1158,HS,
o0214d.png,347,648,HS,
o0214d.png,302,590,HS,
o0214d.png,518,547,HS,
o0214d.png,545,1110,HS,
o0214d.png,738,321,HS,
o0214d.png,695,883,HS,
o0214d.png,704,880,HS,
o0214d.png,723,1016,HS,
o0214d.png,929,112,HS,
o0214d.png,864,424,HS,
o0214d.png,892,782,HS,
o0214d.png,1012,1114,HS,
o0215a.png,310,70,HS,
o0215a.png,766,376,HS,
o0215b.png,8,483,HS,
o0215c.png,523,454,HS,
o0215c.png,503,991,HS,
o0215c.png,571,1094,HS,
o0215c.png,653,100,HS,
o0215c.png,733,538,HS,
o0215c.png,636,507,HS,
o0215c.png,638,769,HS,
o0215c.png,743,1052,HS,
o0215c.png,881,398,HS,
o0215c.png,899,430,HS,
o0215d.png,343,240,HS,
o0215d.png,354,788,HS,
o0215d.png,557,26,HS,
o0215d.png,510,121,HS,
o0215d.png,577,220,HS,
o0215d.png,761,9,HS,
o0215d.png,673,79,HS,
o0215d.png,750,275,HS,
o0215d.png,690,882,HS,
o0215d.png,911,317,HS,
o0215d.png,856,587,HS,
o0215d.png,819,592,HS,
o0215d.png,857,1146,HS,
o0216a.png,1,301,HS,
o0216a.png,280,45,HS,
o0216a.png,455,621,HS,
o0216a.png,747,622,HS,
o0216a.png,845,1127,HS,
o0216b.png,416,86,HS,
o0216b.png,611,210,HS,
o0216b.png,866,73,HS,
o0216b.png,858,217,HS,
o0216b.png,836,138,HS,
o0216c.png,99,541,HS,
o0216c.png,203,1125,HS,
o0216c.png,368,685,HS,
o0216c.png,317,536,HS,
o0216c.png,282,668,HS,
o0216c.png,400,554,HS,
o0216c.png,262,861,HS,
o0216c.png,423,181,HS,
o0216c.png,442,283,HS,
o0216c.png,532,520,HS,
o0216c.png,458,917,HS,
o0216c.png,960,229,HS,
o0216c.png,982,958,HS,
o0216d.png,97,54,HS,
o0216d.png,204,543,HS,
o0216d.png,294,1055,HS,
o0216d.png,553,218,HS,
o0216d.png,439,354,HS,
o0216d.png,595,411,HS,
o0216d.png,455,1105,HS,
o0216d.png,738,443,HS,
o0216d.png,758,947,HS,
o0216d.png,838,917,HS,
o0216d.png,933,1183,HS,
o0217a.png,46,487,HS,
o0217a.png,105,553,HS,
o0217a.png,377,975,HS,
o0217a.png,610,418,HS,
o0217a.png,773,61,HS,
o0217a.png,936,164,HS,
o0217a.png,877,46,HS,
o0217a.png,889,96,HS,
o0217a.png,821,252,HS,
o0217b.png,143,405,HS,
o0217b.png,372,132,HS,
o0217b.png,362,364,HS,
o0217b.png,473,501,HS,
o0217b.png,541,542,HS,
o0217b.png,891,778,HS,
o0217c.png,12,115,HS,
o0217c.png,136,304,HS,
o0217c.png,116,604,HS,
o0217c.png,141,1122,HS,
o0217c.png,110,1149,HS,
o0217c.png,586,445,HS,
o0217c.png,667,375,HS,
o0217c.png,764,1069,HS,
o0217c.png,797,1046,HS,
o0217c.png,780,968,HS,
o0217c.png,809,1048,HS,
o0217d.png,125,136,HS,
o0217d.png,1,651,HS,
o0217d.png,190,520,HS,
o0217d.png,255,168,HS,
o0217d.png,329,366,HS,
o0217d.png,254,654,HS,
o0217d.png,205,698,HS,
o0217d.png,393,480,HS,
o0217d.png,545,783,HS,
o0217d.png,766,263,HS,
o0217d.png,600,821,HS,
o0217d.png,606,1087,HS,
o0217d.png,913,166,HS,
o0217d.png,888,309,HS,
o0218a.png,364,883,HS,
o0218a.png,358,926,HS,
o0218a.png,596,208,HS,
o0218a.png,601,443,HS,
o0218a.png,674,208,HS,
o0218a.png,912,449,HS,
o0218a.png,808,367,HS,
o0218a.png,952,383,HS,
o0218a.png,947,655,HS,
o0218a.png,945,545,HS,
o0218b.png,35,264,HS,
o0218b.png,15,561,HS,
o0218b.png,324,396,HS,
o0218b.png,336,449,HS,
o0218b.png,183,422,HS,
o0218b.png,330,472,HS,
o0218b.png,434,625,HS,
o0218b.png,444,495,HS,
o0218b.png,676,69,HS,
o0218b.png,714,689,HS,
o0218c.png,188,209,HS,
o0218c.png,209,452,HS,
o0218c.png,192,957,HS,
o0218c.png,304,65,HS,
o0218c.png,254,505,HS,
o0218c.png,415,524,HS,
o0218c.png,336,1215,HS,
o0218c.png,538,774,HS,
o0218c.png,429,927,HS,
o0218c.png,840,505,HS,
o0218c.png,758,999,HS,
o0218c.png,937,484,HS,
o0218d.png,70,115,HS,
o0218d.png,35,777,HS,
o0218d.png,193,1031,HS,
o0218d.png,79,1150,HS,
o0218d.png,388,593,HS,
o0218d.png,396,704,HS,
o0218d.png,617,534,HS,
o0218d.png,764,520,HS,
o0218d.png,635,1194,HS,
o0219a.png,396,85,HS,
o0219a.png,415,424,HS,
o0219a.png,733,397,HS,
o0219a.png,706,563,HS,
o0219a.png,738,569,HS,
o0219a.png,729,485,HS,
o0219a.png,738,1036,HS,
o0219a.png,795,245,HS,
o0219a.png,867,710,HS,
o0219b.png,109,391,HS,
o0219b.png,72,847,HS,
o0219b.png,322,208,HS,
o0219b.png,524,32,HS,
o0219b.png,442,630,HS,
o0219b.png,399,580,HS,
o0219b.png,690,338,HS,
o0219b.png,620,300,HS,
o0219b.png,699,690,HS,
o0219b.png,599,1003,HS,
o0219b.png,831,1136,HS,
o0219b.png,880,1045,HS,
o0219c.png,27,233,HS,
o0219c.png,56,331,HS,
o0219c.png,206,776,HS,
o0219c.png,367,484,HS,
o0219c.png,215,482,HS,
o0219c.png,245,601,HS,
o0219c.png,305,900,HS,
o0219c.png,661,482,HS,
o0219c.png,669,754,HS,
o0219c.png,717,1093,HS,
o0219c.png,798,1207,HS,
o0219c.png,950,189,HS,
o0219c.png,925,835,HS,
o0219d.png,569,227,HS,
o0219d.png,482,414,HS,
o0219d.png,701,151,HS,
o0219d.png,701,613,HS,
o0219d.png,731,524,HS,
o0219d.png,1001,484,HS,
o0220a.png,137,25,HS,
o0220a.png,136,352,HS,
o0220a.png,20,813,HS,
o0220a.png,302,220,HS,
o0220a.png,219,138,HS,
o0220a.png,246,749,HS,
o0220a.png,202,764,HS,
o0220a.png,472,255,HS,
o0220a.png,479,674,HS,
o0220a.png,565,924,HS,
o0220a.png,617,1069,HS,
o0220a.png,806,113,HS,
o0220b.png,33,498,HS,
o0220b.png,166,743,HS,
o0220b.png,159,1028,HS,
o0220b.png,47,1113,HS,
o0220b.png,326,104,HS,
o0220b.png,219,919,HS,
o0220b.png,422,206,HS,
o0220b.png,366,998,HS,
o0220b.png,505,1160,HS,
o0220b.png,691,797,HS,
o0220b.png,874,190,HS,
o0220b.png,771,691,HS,
o0220c.png,393,397,HS,
o0220c.png,278,338,HS,
o0220c.png,292,1157,HS,
o0220c.png,385,1194,HS,
o0220c.png,973,965,HS,
o0220d.png,61,62,HS,
o0220d.png,23,1236,HS,
o0220d.png,242,619,HS,
o0220d.png,404,916,HS,
o0220d.png,499,213,HS,
o0220d.png,580,470,HS,
o0220d.png,577,677,HS,
o0220d.png,807,222,HS,
o0220d.png,875,293,HS,
o0220d.png,891,528,HS,
o0221a.png,136,563,HS,
o0221a.png,352,37,HS,
o0221a.png,292,708,HS,
o0221a.png,311,833,HS,
o0221a.png,214,948,HS,
o0221a.png,474,131,HS,
o0221a.png,363,295,HS,
o0221a.png,513,559,HS,
o0221a.png,366,930,HS,
o0221a.png,465,763,HS,
o0221a.png,552,842,HS,
o0221a.png,720,156,HS,
o0221a.png,855,851,HS,
o0221a.png,796,749,HS,
o0221a.png,751,822,HS,
o0221b.png,134,430,HS,
o0221b.png,97,496,HS,
o0221b.png,47,905,HS,
o0221b.png,385,875,HS,
o0221b.png,532,1025,HS,
o0221b.png,661,170,HS,
o0221b.png,693,16,HS,
o0221b.png,729,149,HS,
o0221b.png,602,249,HS,
o0221b.png,860,151,HS,
o0221b.png,891,346,HS,
o0221b.png,843,349,HS,
o0221b.png,861,584,HS,
o0221b.png,854,1024,HS,
o0221c.png,26,535,HS,
o0221c.png,74,522,HS,
o0221c.png,67,814,HS,
o0221c.png,287,1096,HS,
o0221c.png,609,574,HS,
o0221c.png,534,550,HS,
o0221c.png,591,819,HS,
o0221c.png,490,754,HS,
o0221c.png,524,1065,HS,
o0221c.png,788,40,HS,
o0221c.png,654,327,HS,
o0221c.png,714,586,HS,
o0221c.png,1017,857,HS,
o0221c.png,950,892,HS,
o0221d.png,88,84,HS,
o0221d.png,169,14,HS,
o0221d.png,151,1018,HS,
o0221d.png,398,136,HS,
o0221d.png,269,577,HS,
o0221d.png,317,509,HS,
o0221d.png,247,1030,HS,
o0221d.png,507,393,HS,
o0221d.png,751,243,HS,
o0221d.png,778,1150,HS,
o0221d.png,735,1204,HS,
o0221d.png,871,483,HS,
o0221d.png,952,722,HS,
o0221d.png,929,786,HS,
o0221d.png,862,1171,HS,
o0221d.png,914,1070,HS,
o0222a.png,246,455,HS,
o0222a.png,237,495,HS,
o0222a.png,289,839,HS,
o0222a.png,307,1074,HS,
o0222a.png,445,254,HS,
o0222a.png,484,495,HS,
o0222a.png,423,1109,HS,
o0222a.png,579,544,HS,
o0222a.png,579,868,HS,
o0222a.png,733,110,HS,
o0222a.png,787,316,HS,
o0222a.png,828,771,HS,
o0222b.png,30,657,HS,
o0222b.png,146,908,HS,
o0222b.png,196,91,HS,
o0222b.png,324,829,HS,
o0222b.png,374,833,HS,
o0222b.png,500,1003,HS,
o0222b.png,554,173,HS,
o0222b.png,785,247,HS,
o0222b.png,847,666,HS,
o0222c.png,134,925,HS,
o0222c.png,344,292,HS,
o0222c.png,305,685,HS,
o0222c.png,467,632,HS,
o0222c.png,695,34,HS,
o0222c.png,737,230,HS,
o0222c.png,894,646,HS,
o0222d.png,28,94,HS,
o0222d.png,159,523,HS,
o0222d.png,166,710,HS,
o0222d.png,20,841,HS,
o0222d.png,406,917,HS,
o0222d.png,630,669,HS,
o0222d.png,427,813,HS,
o0222d.png,806,696,HS,
o0222d.png,978,302,HS,
o0222d.png,921,614,HS,
o0222d.png,935,538,HS,
o0222d.png,862,483,HS,
o0222d.png,945,885,HS,
o0222d.png,879,1092,HS,
o0223a.png,553,143,HS,
o0223a.png,456,420,HS,
o0223a.png,441,503,HS,
o0223a.png,534,523,HS,
o0223a.png,976,940,HS,
o0223a.png,820,1085,HS,
o0223a.png,926,1053,HS,
o0223b.png,86,580,HS,
o0223b.png,593,70,HS,
o0223b.png,1024,829,HS,
o0223b.png,989,1194,HS,
o0223c.png,151,1134,HS,
o0223c.png,359,28,HS,
o0223c.png,347,85,HS,
o0223c.png,236,158,HS,
o0223c.png,272,199,HS,
o0223c.png,232,305,HS,
o0223c.png,445,3,HS,
o0223c.png,517,744,HS,
o0223c.png,624,765,HS,
o0223c.png,1066,115,HS,
o0223c.png,1030,297,HS,
o0223c.png,958,517,HS,
o0223c.png,906,564,HS,
o0223c.png,1016,827,HS,
o0223d.png,163,647,HS,
o0223d.png,294,434,HS,
o0223d.png,618,404,HS,
o0223d.png,512,847,HS,
o0223d.png,441,1093,HS,
o0223d.png,772,19,HS,
o0223d.png,691,1054,HS,
o0223d.png,838,957,HS,
o0223d.png,1039,383,HS,
o0223d.png,964,441,HS,
o0223d.png,847,960,HS,
o0224a.png,176,145,HS,
o0224a.png,51,612,HS,
o0224a.png,35,578,HS,
o0224a.png,84,619,HS,
o0224a.png,124,1181,HS,
o0224a.png,236,1090,HS,
o0224a.png,612,901,HS,
o0224a.png,788,43,HS,
o0224a.png,893,558,HS,
o0224a.png,883,710,HS,
o0224a.png,897,795,HS,
o0224a.png,810,1019,HS,
o0224b.png,139,347,HS,
o0224b.png,139,908,HS,
o0224b.png,61,846,HS,
o0224b.png,409,768,HS,
o0224b.png,434,1009,HS,
o0224b.png,439,1037,HS,
o0224b.png,662,69,HS,
o0224b.png,687,54,HS,
o0224b.png,729,1052,HS,
o0224c.png,157,438,HS,
o0224c.png,77,469,HS,
o0224c.png,83,864,HS,
o0224c.png,176,728,HS,
o0224c.png,179,732,HS,
o0224c.png,175,999,HS,
o0224c.png,315,449,HS,
o0224c.png,405,63,HS,
o0224c.png,576,244,HS,
o0224c.png,510,820,HS,
o0224c.png,605,152,HS,
o0224c.png,638,846,HS,
o0224c.png,606,973,HS,
o0224d.png,138,65,HS,
o0224d.png,142,79,HS,
o0224d.png,115,460,HS,
o0224d.png,240,30,HS,
o0224d.png,277,342,HS,
o0224d.png,249,1040,HS,
o0224d.png,398,450,HS,
o0224d.png,494,698,HS,
o0224d.png,755,718,HS,
o0224d.png,658,891,HS,
o0224d.png,821,1028,HS,
o0224d.png,847,1180,HS,
o0225a.png,258,72,HS,
o0225a.png,333,414,HS,
o0225a.png,481,120,HS,
o0225a.png,748,228,HS,
o0225a.png,705,46,HS,
o0225b.png,43,186,HS,
o0225b.png,318,16,HS,
o0225b.png,348,861,HS,
o0225b.png,288,827,HS,
o0225b.png,394,23,HS,
o0225c.png,224,329,HS,
o0225c.png,344,447,HS,
o0225c.png,520,89,HS,
o0225c.png,432,915,HS,
o0225c.png,679,57,HS,
o0225c.png,789,188,HS,
o0225c.png,754,191,HS,
o0225c.png,670,454,HS,
o0225c.png,752,554,HS,
o0225c.png,651,488,HS,
o0225c.png,600,1164,HS,
o0225c.png,835,196,HS,
o0225c.png,925,191,HS,
o0225c.png,924,449,HS,
o0225c.png,870,1029,HS,
o0225d.png,687,851,HS,
o0225d.png,971,652,HS,
o0225d.png,869,707,HS,
o0301a.png,147,579,HS,
o0301a.png,42,868,HS,
o0301a.png,143,797,HS,
o0301a.png,97,1018,HS,
o0301a.png,451,114,HS,
o0301a.png,417,811,HS,
o0301a.png,667,528,HS,
o0301a.png,725,745,HS,
o0301b.png,89,372,HS,
o0301b.png,93,517,HS,
o0301b.png,70,581,HS,
o0301b.png,77,798,HS,
o0301b.png,141,911,HS,
o0301b.png,111,912,HS,
o0301b.png,286,976,HS,
o0301b.png,470,312,HS,
o0301b.png,459,356,HS,
o0301b.png,680,729,HS,
o0301b.png,776,736,HS,
o0301b.png,799,715,HS,
o0301b.png,884,730,HS,
o0301b.png,875,997,HS,
o0301c.png,166,48,HS,
o0301c.png,141,981,HS,
o0301c.png,178,156,HS,
o0301c.png,274,164,HS,
o0301c.png,346,832,HS,
o0301c.png,551,834,HS,
o0301c.png,778,355,HS,
o0301c.png,722,690,HS,
o0301c.png,758,993,HS,
o0301d.png,119,46,HS,
o0301d.png,462,697,HS,
o0301d.png,424,843,HS,
o0301d.png,366,884,HS,
o0301d.png,471,1002,HS,
o0301d.png,533,915,HS,
o0301d.png,711,386,HS,
o0301d.png,787,217,HS,
o0301d.png,751,460,HS,
o0301d.png,739,988,HS,
o0302a.png,124,58,HS,
o0302a.png,89,623,HS,
o0302a.png,183,109,HS,
o0302a.png,472,172,HS,
o0302a.png,657,694,HS,
o0302a.png,661,479,HS,
o0302a.png,724,454,HS,
o0302b.png,153,104,HS,
o0302b.png,100,316,HS,
o0302b.png,100,587,HS,
o0302b.png,330,404,HS,
o0302b.png,291,227,HS,
o0302b.png,236,378,HS,
o0302b.png,267,499,HS,
o0302b.png,231,448,HS,
o0302b.png,286,477,HS,
o0302b.png,368,970,HS,
o0302b.png,815,442,HS,
o0302b.png,727,753,HS,
o0302c.png,65,167,HS,
o0302c.png,169,113,HS,
o0302c.png,103,29,HS,
o0302c.png,58,56,HS,
o0302c.png,10,348,HS,
o0302c.png,263,559,HS,
o0302c.png,350,43,HS,
o0302c.png,654,321,HS,
o0302c.png,618,793,HS,
o0302c.png,738,298,HS,
o0302c.png,796,672,HS,
o0302d.png,150,864,HS,
o0302d.png,98,874,HS,
o0302d.png,284,577,HS,
o0302d.png,195,775,HS,
o0302d.png,270,851,HS,
o0302d.png,615,219,HS,
o0302d.png,591,321,HS,
o0302d.png,551,949,HS,
o0302d.png,667,66,HS,
o0302d.png,756,186,HS,
o0302d.png,723,432,HS,
o0302d.png,697,661,HS,
o0303a.png,121,474,HS,
o0303a.png,111,625,HS,
o0303a.png,150,659,HS,
o0303a.png,165,916,HS,
o0303a.png,259,234,HS,
o0303a.png,183,1042,HS,
o0303a.png,249,956,HS,
o0303a.png,470,242,HS,
o0303a.png,387,506,HS,
o0303a.png,507,579,HS,
o0303a.png,589,228,HS,
o0303a.png,578,453,HS,
o0303a.png,691,769,HS,
o0303a.png,708,22,HS,
o0303a.png,807,693,HS,
o0303b.png,127,327,HS,
o0303b.png,126,808,HS,
o0303b.png,119,917,HS,
o0303b.png,222,86,HS,
o0303b.png,468,542,HS,
o0303b.png,420,689,HS,
o0303b.png,436,726,HS,
o0303b.png,620,124,HS,
o0303b.png,574,300,HS,
o0303b.png,677,522,HS,
o0303b.png,719,560,HS,
o0303b.png,776,396,HS,
o0303c.png,60,481,HS,
o0303c.png,91,563,HS,
o0303c.png,134,674,HS,
o0303c.png,139,735,HS,
o0303c.png,162,191,HS,
o0303c.png,315,89,HS,
o0303c.png,316,434,HS,
o0303c.png,224,298,HS,
o0303c.png,369,350,HS,
o0303c.png,370,357,HS,
o0303c.png,422,1079,HS,
o0303c.png,585,187,HS,
o0303c.png,688,367,HS,
o0303c.png,763,1094,HS,
o0303c.png,675,975,HS,
o0303d.png,130,84,HS,
o0303d.png,106,268,HS,
o0303d.png,197,533,HS,
o0303d.png,184,930,HS,
o0303d.png,235,778,HS,
o0303d.png,191,888,HS,
o0303d.png,359,270,HS,
o0303d.png,430,852,HS,
o0303d.png,475,425,HS,
o0303d.png,581,777,HS,
o0303d.png,661,358,HS,
o0304a.png,232,672,HS,
o0304a.png,241,662,HS,
o0304a.png,357,185,HS,
o0304a.png,611,78,HS,
o0304a.png,491,552,HS,
o0304a.png,516,603,HS,
o0304a.png,514,762,HS,
o0304a.png,749,79,HS,
o0304a.png,742,517,HS,
o0304a.png,791,943,HS,
o0304b.png,314,629,HS,
o0304b.png,434,637,HS,
o0304b.png,393,615,HS,
o0304b.png,447,619,HS,
o0304b.png,424,611,HS,
o0304b.png,584,198,HS,
o0304b.png,582,819,HS,
o0304b.png,834,371,HS,
o0304b.png,765,499,HS,
o0304b.png,764,913,HS,
o0304c.png,154,200,HS,
o0304c.png,85,186,HS,
o0304c.png,145,564,HS,
o0304c.png,81,768,HS,
o0304c.png,170,94,HS,
o0304c.png,164,41,HS,
o0304c.png,190,498,HS,
o0304c.png,250,644,HS,
o0304c.png,226,725,HS,
o0304c.png,368,47,HS,
o0304c.png,378,23,HS,
o0304c.png,557,156,HS,
o0304c.png,629,122,HS,
o0304c.png,589,38,HS,
o0304c.png,634,572,HS,
o0304c.png,567,616,HS,
o0304c.png,575,599,HS,
o0304c.png,713,689,HS,
o0304d.png,2,1,HS,
o0304d.png,154,585,HS,
o0304d.png,110,573,HS,
o0304d.png,42,973,HS,
o0304d.png,459,762,HS,
o0304d.png,398,853,HS,
o0304d.png,559,184,HS,
o0304d.png,514,494,HS,
o0304d.png,528,974,HS,
o0304d.png,597,812,HS,
o0304d.png,721,213,HS,
o0304d.png,638,620,HS,
o0304d.png,642,728,HS,
o0304d.png,671,814,HS,
o0305a.png,148,519,HS,
o0305a.png,222,517,HS,
o0305a.png,451,8,HS,
o0305a.png,438,977,HS,
o0305a.png,457,890,HS,
o0305a.png,536,17,HS,
o0305a.png,528,496,HS,
o0305a.png,740,279,HS,
o0305a.png,796,315,HS,
o0305a.png,737,717,HS,
o0305a.png,723,827,HS,
o0305b.png,314,603,HS,
o0305b.png,465,871,HS,
o0305b.png,579,55,HS,
o0305b.png,548,596,HS,
o0305b.png,637,493,HS,
o0305b.png,559,773,HS,
o0305b.png,872,840,HS,
o0305c.png,208,295,HS,
o0305c.png,296,496,HS,
o0305c.png,435,946,HS,
o0305c.png,575,381,HS,
o0305c.png,575,525,HS,
o0305c.png,524,484,HS,
o0305c.png,522,668,HS,
o0305c.png,667,106,HS,
o0305c.png,661,408,HS,
o0305c.png,746,379,HS,
o0305c.png,667,911,HS,
o0305d.png,202,572,HS,
o0305d.png,386,757,HS,
o0305d.png,285,871,HS,
o0305d.png,348,938,HS,
o0305d.png,452,310,HS,
o0305d.png,592,130,HS,
o0305d.png,622,264,HS,
o0305d.png,572,627,HS,
o0305d.png,682,696,HS,
o0305d.png,621,597,HS,
o0306a.png,265,712,HS,
o0306a.png,202,909,HS,
o0306a.png,552,441,HS,
o0306b.png,157,199,HS,
o0306b.png,12,629,HS,
o0306b.png,129,796,HS,
o0306b.png,69,917,HS,
o0306b.png,17,875,HS,
o0306b.png,321,374,HS,
o0306b.png,171,819,HS,
o0306b.png,426,307,HS,
o0306b.png,398,243,HS,
o0306b.png,375,290,HS,
o0306b.png,616,136,HS,
o0306b.png,775,837,HS,
o0306c.png,105,957,HS,
o0306c.png,205,604,HS,
o0306c.png,468,253,HS,
o0306c.png,530,55,HS,
o0306c.png,537,203,HS,
o0306c.png,615,326,HS,
o0306c.png,725,325,HS,
o0306d.png,670,174,HS,
o0306d.png,668,945,HS,
o0307a.png,12,278,HS,
o0307a.png,115,565,HS,
o0307a.png,7,449,HS,
o0307a.png,102,929,HS,
o0307a.png,297,64,HS,
o0307a.png,295,111,HS,
o0307a.png,265,383,HS,
o0307a.png,349,536,HS,
o0307a.png,387,688,HS,
o0307a.png,594,604,HS,
o0307a.png,538,692,HS,
o0307a.png,719,74,HS,
o0307a.png,779,143,HS,
o0307a.png,669,329,HS,
o0307a.png,655,530,HS,
o0307b.png,106,299,HS,
o0307b.png,105,261,HS,
o0307b.png,151,320,HS,
o0307b.png,60,282,HS,
o0307b.png,106,790,HS,
o0307b.png,230,294,HS,
o0307b.png,221,429,HS,
o0307b.png,304,666,HS,
o0307b.png,421,693,HS,
o0307b.png,621,128,HS,
o0307b.png,632,254,HS,
o0307b.png,577,398,HS,
o0307b.png,599,625,HS,
o0307b.png,639,605,HS,
o0307b.png,649,575,HS,
o0307b.png,661,914,HS,
o0307c.png,16,116,HS,
o0307c.png,23,247,HS,
o0307c.png,31,676,HS,
o0307c.png,67,981,HS,
o0307c.png,257,784,HS,
o0307c.png,188,717,HS,
o0307c.png,348,408,HS,
o0307c.png,394,1013,HS,
o0307c.png,393,1002,HS,
o0307c.png,497,775,HS,
o0307c.png,687,276,HS,
o0307c.png,674,438,HS,
o0307c.png,747,420,HS,
o0307c.png,678,587,HS,
o0307d.png,63,299,HS,
o0307d.png,150,319,HS,
o0307d.png,73,620,HS,
o0307d.png,136,678,HS,
o0307d.png,278,426,HS,
o0307d.png,203,527,HS,
o0307d.png,200,704,HS,
o0307d.png,201,757,HS,
o0307d.png,310,969,HS,
o0307d.png,360,554,HS,
o0307d.png,546,362,HS,
o0307d.png,594,350,HS,
o0307d.png,488,558,HS,
o0307d.png,606,566,HS,
o0307d.png,760,514,HS,
o0307d.png,690,736,HS,
o0307d.png,683,944,HS,
o0308a.png,6,219,HS,
o0308a.png,116,844,HS,
o0308a.png,213,382,HS,
o0308a.png,212,443,HS,
o0308a.png,414,453,HS,
o0308a.png,623,339,HS,
o0308a.png,636,521,HS,
o0308a.png,511,574,HS,
o0308a.png,515,683,HS,
o0308a.png,522,641,HS,
o0308a.png,669,458,HS,
o0308a.png,766,869,HS,
o0308b.png,24,128,HS,
o0308b.png,49,548,HS,
o0308b.png,32,481,HS,
o0308b.png,227,404,HS,
o0308b.png,524,155,HS,
o0308b.png,621,492,HS,
o0308b.png,522,464,HS,
o0308b.png,509,848,HS,
o0308b.png,672,766,HS,
o0308b.png,704,701,HS,
o0308c.png,139,104,HS,
o0308c.png,84,461,HS,
o0308c.png,310,46,HS,
o0308c.png,291,119,HS,
o0308c.png,371,26,HS,
o0308c.png,402,133,HS,
o0308c.png,394,338,HS,
o0308c.png,404,415,HS,
o0308c.png,344,437,HS,
o0308c.png,580,828,HS,
o0308c.png,674,98,HS,
o0308c.png,638,28,HS,
o0308c.png,705,290,HS,
o0308c.png,700,533,HS,
o0308d.png,98,97,HS,
o0308d.png,93,302,HS,
o0308d.png,224,134,HS,
o0308d.png,217,489,HS,
o0308d.png,154,611,HS,
o0308d.png,339,465,HS,
o0308d.png,456,336,HS,
o0308d.png,515,300,HS,
o0308d.png,573,623,HS,
o0308d.png,506,885,HS,
o0308d.png,701,312,HS,
o0308d.png,722,273,HS,
o0308d.png,663,859,HS,
o0309a.png,86,298,HS,
o0309a.png,15,247,HS,
o0309a.png,104,534,HS,
o0309a.png,110,410,HS,
o0309a.png,41,434,HS,
o0309a.png,31,815,HS,
o0309a.png,272,469,HS,
o0309a.png,302,817,HS,
o0309a.png,536,41,HS,
o0309a.png,619,367,HS,
o0309a.png,525,913,HS,
o0309b.png,94,202,HS,
o0309b.png,128,281,HS,
o0309b.png,196,351,HS,
o0309b.png,282,378,HS,
o0309b.png,190,212,HS,
o0309b.png,305,537,HS,
o0309b.png,242,723,HS,
o0309b.png,484,656,HS,
o0309b.png,541,145,HS,
o0309b.png,718,157,HS,
o0309b.png,776,3,HS,
o0309b.png,700,129,HS,
o0309b.png,722,362,HS,
o0309c.png,103,175,HS,
o0309c.png,78,111,HS,
o0309c.png,138,277,HS,
o0309c.png,139,273,HS,
o0309c.png,57,529,HS,
o0309c.png,276,22,HS,
o0309c.png,281,486,HS,
o0309c.png,184,783,HS,
o0309c.png,508,474,HS,
o0309c.png,508,761,HS,
o0309c.png,666,384,HS,
o0309c.png,627,811,HS,
o0309c.png,735,822,HS,
o0309d.png,148,728,HS,
o0309d.png,299,144,HS,
o0309d.png,249,29,HS,
o0309d.png,303,943,HS,
o0309d.png,235,950,HS,
o0309d.png,208,766,HS,
o0309d.png,465,188,HS,
o0309d.png,352,282,HS,
o0309d.png,364,516,HS,
o0309d.png,372,515,HS,
o0309d.png,550,424,HS,
o0309d.png,537,842,HS,
o0309d.png,736,27,HS,
o0309d.png,716,127,HS,
o0309d.png,698,225,HS,
o0309d.png,782,223,HS,
o0310a.png,118,781,HS,
o0310a.png,248,124,HS,
o0310a.png,453,207,HS,
o0310a.png,469,509,HS,
o0310a.png,470,510,HS,
o0310a.png,503,23,HS,
o0310a.png,565,249,HS,
o0310a.png,563,701,HS,
o0310a.png,493,645,HS,
o0310a.png,491,802,HS,
o0310a.png,694,111,HS,
o0310a.png,748,242,HS,
o0310a.png,736,381,HS,
o0310a.png,752,759,HS,
o0310b.png,146,182,HS,
o0310b.png,57,439,HS,
o0310b.png,101,860,HS,
o0310b.png,234,42,HS,
o0310b.png,275,469,HS,
o0310b.png,250,432,HS,
o0310b.png,241,702,HS,
o0310b.png,164,785,HS,
o0310b.png,350,458,HS,
o0310b.png,340,537,HS,
o0310b.png,547,705,HS,
o0310b.png,688,118,HS,
o0310b.png,770,265,HS,
o0310b.png,779,842,HS,
o0310c.png,13,518,HS,
o0310c.png,106,822,HS,
o0310c.png,160,288,HS,
o0310c.png,274,676,HS,
o0310c.png,275,1045,HS,
o0310c.png,417,141,HS,
o0310c.png,346,303,HS,
o0310c.png,345,697,HS,
o0310c.png,529,249,HS,
o0310c.png,488,1043,HS,
o0310c.png,662,246,HS,
o0310c.png,720,695,HS,
o0310c.png,751,811,HS,
o0310c.png,734,1022,HS,
o0310d.png,141,93,HS,
o0310d.png,144,642,HS,
o0310d.png,83,649,HS,
o0310d.png,13,588,HS,
o0310d.png,53,787,HS,
o0310d.png,229,103,HS,
o0310d.png,171,136,HS,
o0310d.png,169,635,HS,
o0310d.png,290,688,HS,
o0310d.png,207,889,HS,
o0310d.png,432,786,HS,
o0310d.png,408,919,HS,
o0310d.png,631,550,HS,
o0310d.png,683,879,HS,
o0311a.png,112,672,HS,
o0311a.png,120,1006,HS,
o0311a.png,358,402,HS,
o0311a.png,381,489,HS,
o0311a.png,658,902,HS,
o0311a.png,662,1044,HS,
o0311a.png,681,993,HS,
o0311a.png,788,1022,HS,
o0311b.png,65,571,HS,
o0311b.png,255,330,HS,
o0311b.png,277,770,HS,
o0311b.png,390,198,HS,
o0311b.png,509,717,HS,
o0311b.png,767,340,HS,
o0311c.png,123,17,HS,
o0311c.png,226,26,HS,
o0311c.png,378,32,HS,
o0311c.png,364,640,HS,
o0311c.png,453,934,HS,
o0311c.png,415,921,HS,
o0311c.png,663,360,HS,
o0311c.png,767,965,HS,
o0311c.png,764,851,HS,
o0311c.png,740,934,HS,
o0311d.png,32,636,HS,
o0311d.png,260,29,HS,
o0311d.png,680,107,HS,
o0311d.png,688,32,HS,
o0311d.png,730,87,HS,
o0311d.png,760,26,HS,
o0311d.png,705,833,HS,
o0311d.png,630,860,HS,
o0312a.png,103,10,HS,
o0312a.png,71,96,HS,
o0312a.png,170,289,HS,
o0312a.png,483,68,HS,
o0312a.png,393,519,HS,
o0312a.png,698,399,HS,
o0312a.png,792,339,HS,
o0312a.png,719,262,HS,
o0312a.png,798,819,HS,
o0312a.png,758,660,HS,
o0312b.png,103,11,HS,
o0312b.png,96,686,HS,
o0312b.png,281,483,HS,
o0312b.png,393,3,HS,
o0312b.png,640,75,HS,
o0312b.png,718,356,HS,
o0312b.png,687,356,HS,
o0312c.png,186,58,HS,
o0312c.png,271,189,HS,
o0312c.png,331,319,HS,
o0312c.png,414,355,HS,
o0312c.png,429,384,HS,
o0312c.png,341,425,HS,
o0312c.png,422,525,HS,
o0312c.png,387,724,HS,
o0312c.png,564,85,HS,
o0312c.png,507,349,HS,
o0312c.png,559,551,HS,
o0312c.png,500,828,HS,
o0312c.png,686,921,HS,
o0312d.png,41,397,HS,
o0312d.png,66,715,HS,
o0312d.png,317,258,HS,
o0312d.png,530,720,HS,
o0312d.png,653,632,HS,
o0312d.png,713,777,HS,
o0312d.png,755,843,HS,
o0313a.png,28,84,HS,
o0313a.png,84,209,HS,
o0313a.png,23,731,HS,
o0313a.png,317,346,HS,
o0313a.png,305,359,HS,
o0313a.png,285,857,HS,
o0313a.png,457,789,HS,
o0313a.png,424,722,HS,
o0313a.png,361,1072,HS,
o0313a.png,510,861,HS,
o0313a.png,675,348,HS,
o0313a.png,786,286,HS,
o0313a.png,820,747,HS,
o0313a.png,705,900,HS,
o0313b.png,105,572,HS,
o0313b.png,109,835,HS,
o0313b.png,306,242,HS,
o0313b.png,229,683,HS,
o0313b.png,313,928,HS,
o0313b.png,388,284,HS,
o0313b.png,401,558,HS,
o0313b.png,407,613,HS,
o0313b.png,392,923,HS,
o0313b.png,454,863,HS,
o0313b.png,655,90,HS,
o0313b.png,660,50,HS,
o0313b.png,629,639,HS,
o0313b.png,687,385,HS,
o0313b.png,702,465,HS,
o0313b.png,733,506,HS,
o0313b.png,800,888,HS,
o0313c.png,119,338,HS,
o0313c.png,68,311,HS,
o0313c.png,275,156,HS,
o0313c.png,228,215,HS,
o0313c.png,232,289,HS,
o0313c.png,261,792,HS,
o0313c.png,219,735,HS,
o0313c.png,439,857,HS,
o0313c.png,458,672,HS,
o0313c.png,654,327,HS,
o0313c.png,580,622,HS,
o0313c.png,745,762,HS,
o0313c.png,805,704,HS,
o0313d.png,27,176,HS,
o0313d.png,13,478,HS,
o0313d.png,118,573,HS,
o0313d.png,90,854,HS,
o0313d.png,275,135,HS,
o0313d.png,219,470,HS,
o0313d.png,411,287,HS,
o0313d.png,440,769,HS,
o0313d.png,558,82,HS,
o0313d.png,523,465,HS,
o0313d.png,650,550,HS,
o0313d.png,685,500,HS,
o0313d.png,718,674,HS,
o0314a.png,102,175,HS,
o0314a.png,82,604,HS,
o0314a.png,65,710,HS,
o0314a.png,245,307,HS,
o0314a.png,417,1021,HS,
o0314a.png,580,115,HS,
o0314a.png,525,220,HS,
o0314b.png,16,226,HS,
o0314b.png,45,281,HS,
o0314b.png,60,519,HS,
o0314b.png,43,407,HS,
o0314b.png,145,837,HS,
o0314b.png,400,12,HS,
o0314b.png,429,381,HS,
o0314b.png,405,866,HS,
o0314b.png,537,8,HS,
o0314c.png,122,103,HS,
o0314c.png,76,175,HS,
o0314c.png,28,697,HS,
o0314c.png,109,745,HS,
o0314c.png,271,90,HS,
o0314c.png,638,278,HS,
o0314c.png,631,798,HS,
o0314c.png,773,295,HS,
o0314d.png,157,102,HS,
o0314d.png,132,822,HS,
o0314d.png,197,190,HS,
o0314d.png,225,18,HS,
o0314d.png,333,874,HS,
o0314d.png,773,86,HS,
o0315a.png,71,157,HS,
o0315a.png,128,297,HS,
o0315a.png,31,404,HS,
o0315a.png,144,675,HS,
o0315a.png,37,730,HS,
o0315a.png,321,1008,HS,
o0315a.png,649,855,HS,
o0315a.png,673,1091,HS,
o0315b.png,31,21,HS,
o0315b.png,123,501,HS,
o0315b.png,108,824,HS,
o0315b.png,128,767,HS,
o0315b.png,236,17,HS,
o0315b.png,302,677,HS,
o0315b.png,200,684,HS,
o0315b.png,363,263,HS,
o0315b.png,345,575,HS,
o0315b.png,387,880,HS,
o0315b.png,561,681,HS,
o0315c.png,145,524,HS,
o0315c.png,137,584,HS,
o0315c.png,233,84,HS,
o0315c.png,205,125,HS,
o0315c.png,287,333,HS,
o0315c.png,204,338,HS,
o0315c.png,335,701,HS,
o0315c.png,338,891,HS,
o0315d.png,27,116,HS,
o0315d.png,13,205,HS,
o0315d.png,250,743,HS,
o0315d.png,198,641,HS,
o0315d.png,233,688,HS,
o0315d.png,206,972,HS,
o0315d.png,196,817,HS,
o0315d.png,490,432,HS,
o0315d.png,365,954,HS,
o0315d.png,680,214,HS,
o0316a.png,258,608,HS,
o0316a.png,191,835,HS,
o0316a.png,453,769,HS,
o0316a.png,549,741,HS,
o0316b.png,134,947,HS,
o0316b.png,217,219,HS,
o0316b.png,372,259,HS,
o0316b.png,411,337,HS,
o0316b.png,361,578,HS,
o0316b.png,333,592,HS,
o0316b.png,429,656,HS,
o0316b.png,359,620,HS,
o0316b.png,528,120,HS,
o0316b.png,505,294,HS,
o0316b.png,546,638,HS,
o0316b.png,726,775,HS,
o0316c.png,24,326,HS,
o0316c.png,149,310,HS,
o0316c.png,69,307,HS,
o0316c.png,77,480,HS,
o0316c.png,315,316,HS,
o0316c.png,257,594,HS,
o0316c.png,214,910,HS,
o0316c.png,375,805,HS,
o0316c.png,366,743,HS,
o0316c.png,725,577,HS,
o0316d.png,59,166,HS,
o0316d.png,24,675,HS,
o0316d.png,273,260,HS,
o0316d.png,229,863,HS,
o0316d.png,346,505,HS,
o0316d.png,586,463,HS,
o0316d.png,548,874,HS,
o0316d.png,552,831,HS,
o0317a.png,77,185,HS,
o0317a.png,45,229,HS,
o0317a.png,113,614,HS,
o0317a.png,150,575,HS,
o0317a.png,69,584,HS,
o0317a.png,170,182,HS,
o0317a.png,210,253,HS,
o0317a.png,318,349,HS,
o0317a.png,223,942,HS,
o0317a.png,643,585,HS,
o0317a.png,665,62,HS,
o0317a.png,693,113,HS,
o0317a.png,799,314,HS,
o0317b.png,34,111,HS,
o0317b.png,77,259,HS,
o0317b.png,158,283,HS,
o0317b.png,162,562,HS,
o0317b.png,462,579,HS,
o0317b.png,493,515,HS,
o0317b.png,511,469,HS,
o0317c.png,191,306,HS,
o0317c.png,253,581,HS,
o0317c.png,430,608,HS,
o0317c.png,618,28,HS,
o0317c.png,507,227,HS,
o0317c.png,588,315,HS,
o0317c.png,678,281,HS,
o0317c.png,643,468,HS,
o0317d.png,80,6,HS,
o0317d.png,207,614,HS,
o0317d.png,165,621,HS,
o0317d.png,362,588,HS,
o0317d.png,368,760,HS,
o0317d.png,727,293,HS,
o0317d.png,701,339,HS,
o0317d.png,694,410,HS,
o0317d.png,712,397,HS,
o0317d.png,750,460,HS,
o0318a.png,243,253,HS,
o0318a.png,394,528,HS,
o0318a.png,357,674,HS,
o0318a.png,527,801,HS,
o0318a.png,488,1036,HS,
o0318a.png,750,167,HS,
o0318a.png,744,350,HS,
o0318b.png,312,72,HS,
o0318b.png,414,261,HS,
o0318b.png,427,261,HS,
o0318b.png,355,431,HS,
o0318b.png,632,701,HS,
o0318b.png,784,750,HS,
o0318b.png,792,791,HS,
o0318c.png,46,48,HS,
o0318c.png,135,109,HS,
o0318c.png,188,843,HS,
o0318c.png,310,721,HS,
o0318c.png,607,141,HS,
o0318c.png,618,1067,HS,
o0318c.png,640,180,HS,
o0318c.png,772,260,HS,
o0318c.png,708,992,HS,
o0318d.png,41,191,HS,
o0318d.png,141,580,HS,
o0318d.png,178,155,HS,
o0318d.png,237,541,HS,
o0318d.png,435,553,HS,
o0318d.png,400,876,HS,
o0318d.png,553,294,HS,
o0318d.png,566,953,HS,
o0318d.png,790,344,HS,
o0318d.png,786,873,HS,
o0319a.png,266,926,HS,
o0319a.png,493,596,HS,
o0319a.png,713,140,HS,
o0319a.png,688,204,HS,
o0319a.png,681,243,HS,
o0319a.png,771,1006,HS,
o0319b.png,124,407,HS,
o0319b.png,118,792,HS,
o0319b.png,294,299,HS,
o0319b.png,219,339,HS,
o0319b.png,266,778,HS,
o0319b.png,367,316,HS,
o0319b.png,355,661,HS,
o0319b.png,630,356,HS,
o0319b.png,519,440,HS,
o0319b.png,573,699,HS,
o0319b.png,555,703,HS,
o0319b.png,554,882,HS,
o0319b.png,673,469,HS,
o0319c.png,49,49,HS,
o0319c.png,300,394,HS,
o0319c.png,290,464,HS,
o0319c.png,186,636,HS,
o0319c.png,644,94,HS,
o0319c.png,725,86,HS,
o0319c.png,708,57,HS,
o0319c.png,689,958,HS,
o0319c.png,780,896,HS,
o0319d.png,18,522,HS,
o0319d.png,14,571,HS,
o0319d.png,147,761,HS,
o0319d.png,346,187,HS,
o0319d.png,349,224,HS,
o0319d.png,583,138,HS,
o0319d.png,698,616,HS,
o0320a.png,36,557,HS,
o0320a.png,222,649,HS,
o0320a.png,278,667,HS,
o0320a.png,410,351,HS,
o0320a.png,332,281,HS,
o0320a.png,311,747,HS,
o0320a.png,377,942,HS,
o0320a.png,601,370,HS,
o0320a.png,663,217,HS,
o0320a.png,716,810,HS,
o0320b.png,98,539,HS,
o0320b.png,377,366,HS,
o0320b.png,406,384,HS,
o0320b.png,421,388,HS,
o0320b.png,733,8,HS,
o0320b.png,743,284,HS,
o0320b.png,656,271,HS,
o0320b.png,718,529,HS,
o0320b.png,791,620,HS,
o0320b.png,710,560,HS,
o0320b.png,774,672,HS,
o0320c.png,118,27,HS,
o0320c.png,141,416,HS,
o0320c.png,84,576,HS,
o0320c.png,189,433,HS,
o0320c.png,215,423,HS,
o0320c.png,231,862,HS,
o0320c.png,220,795,HS,
o0320c.png,292,864,HS,
o0320c.png,608,91,HS,
o0320c.png,498,310,HS,
o0320c.png,651,235,HS,
o0320c.png,774,300,HS,
o0320c.png,745,326,HS,
o0320c.png,686,549,HS,
o0320c.png,729,651,HS,
o0320d.png,47,240,HS,
o0320d.png,155,598,HS,
o0320d.png,186,254,HS,
o0320d.png,166,476,HS,
o0320d.png,284,598,HS,
o0320d.png,177,869,HS,
o0320d.png,460,344,HS,
o0320d.png,340,861,HS,
o0320d.png,487,306,HS,
o0320d.png,750,685,HS,
o0320d.png,660,824,HS,
o0321a.png,81,56,HS,
o0321a.png,112,125,HS,
o0321a.png,123,385,HS,
o0321a.png,163,849,HS,
o0321a.png,191,82,HS,
o0321a.png,190,185,HS,
o0321a.png,214,302,HS,
o0321a.png,322,741,HS,
o0321a.png,373,178,HS,
o0321a.png,365,570,HS,
o0321a.png,461,724,HS,
o0321a.png,513,60,HS,
o0321a.png,720,769,HS,
o0321a.png,764,689,HS,
o0321b.png,141,136,HS,
o0321b.png,74,466,HS,
o0321b.png,142,591,HS,
o0321b.png,97,658,HS,
o0321b.png,87,631,HS,
o0321b.png,98,652,HS,
o0321b.png,309,148,HS,
o0321b.png,234,539,HS,
o0321b.png,185,494,HS,
o0321b.png,232,795,HS,
o0321b.png,392,571,HS,
o0321b.png,503,876,HS,
o0321b.png,480,918,HS,
o0321b.png,717,362,HS,
o0321b.png,753,394,HS,
o0321c.png,141,272,HS,
o0321c.png,132,211,HS,
o0321c.png,134,270,HS,
o0321c.png,55,672,HS,
o0321c.png,31,888,HS,
o0321c.png,208,604,HS,
o0321c.png,264,804,HS,
o0321c.png,278,939,HS,
o0321c.png,544,59,HS,
o0321c.png,487,771,HS,
o0321c.png,480,888,HS,
o0321d.png,120,621,HS,
o0321d.png,52,895,HS,
o0321d.png,270,492,HS,
o0321d.png,194,399,HS,
o0321d.png,169,630,HS,
o0321d.png,358,398,HS,
o0321d.png,359,754,HS,
o0321d.png,413,934,HS,
o0321d.png,613,474,HS,
o0321d.png,586,743,HS,
o0321d.png,502,948,HS,
o0322a.png,136,73,HS,
o0322a.png,57,289,HS,
o0322a.png,217,174,HS,
o0322a.png,433,384,HS,
o0322a.png,444,465,HS,
o0322a.png,721,107,HS,
o0322a.png,797,374,HS,
o0322a.png,738,560,HS,
o0322a.png,708,819,HS,
o0322b.png,147,32,HS,
o0322b.png,248,55,HS,
o0322b.png,194,817,HS,
o0322b.png,327,416,HS,
o0322b.png,363,484,HS,
o0322b.png,471,224,HS,
o0322b.png,489,261,HS,
o0322b.png,508,278,HS,
o0322b.png,518,658,HS,
o0322b.png,693,356,HS,
o0322c.png,98,657,HS,
o0322c.png,199,433,HS,
o0322c.png,203,658,HS,
o0322c.png,311,738,HS,
o0322c.png,544,391,HS,
o0322c.png,449,710,HS,
o0322c.png,457,833,HS,
o0322c.png,608,33,HS,
o0322c.png,668,855,HS,
o0322d.png,141,525,HS,
o0322d.png,111,528,HS,
o0322d.png,85,692,HS,
o0322d.png,267,704,HS,
o0322d.png,404,130,HS,
o0322d.png,316,248,HS,
o0322d.png,411,562,HS,
o0322d.png,368,485,HS,
o0322d.png,484,733,HS,
o0322d.png,478,850,HS,
o0322d.png,712,227,HS,
o0322d.png,644,433,HS,
o0322d.png,721,560,HS,
o0322d.png,746,742,HS,
o0322d.png,687,685,HS,
o0322d.png,668,920,HS,
o0323a.png,303,24,HS,
o0323a.png,305,20,HS,
o0323a.png,425,286,HS,
o0323a.png,409,321,HS,
o0323a.png,644,681,HS,
o0323a.png,748,794,HS,
o0323b.png,148,31,HS,
o0323b.png,255,721,HS,
o0323b.png,445,170,HS,
o0323b.png,442,327,HS,
o0323b.png,348,629,HS,
o0323b.png,479,816,HS,
o0323b.png,393,824,HS,
o0323b.png,487,203,HS,
o0323b.png,691,479,HS,
o0323b.png,757,841,HS,
o0323b.png,788,801,HS,
o0323b.png,798,883,HS,
o0323c.png,108,568,HS,
o0323c.png,263,748,HS,
o0323c.png,356,574,HS,
o0323c.png,523,653,HS,
o0323d.png,194,181,HS,
o0323d.png,254,287,HS,
o0323d.png,209,823,HS,
o0323d.png,413,761,HS,
o0323d.png,540,552,HS,
o0324a.png,60,625,HS,
o0324a.png,268,215,HS,
o0324a.png,469,258,HS,
o0324a.png,657,105,HS,
o0324b.png,144,703,HS,
o0324b.png,387,319,HS,
o0324b.png,449,292,HS,
o0324b.png,318,329,HS,
o0324b.png,316,306,HS,
o0324c.png,23,894,HS,
o0324c.png,212,217,HS,
o0324c.png,314,138,HS,
o0324c.png,695,284,HS,
o0324c.png,643,367,HS,
o0324d.png,54,149,HS,
o0324d.png,236,58,HS,
o0324d.png,197,290,HS,
o0324d.png,503,247,HS,
o0324d.png,629,8,HS,
o0324d.png,614,181,HS,
o0324d.png,649,231,HS,
o0324d.png,631,220,HS,
o0325a.png,35,523,HS,
o0325a.png,185,734,HS,
o0325a.png,181,763,HS,
o0325a.png,189,792,HS,
o0325a.png,442,847,HS,
o0325a.png,468,838,HS,
o0325a.png,552,691,HS,
o0325a.png,539,601,HS,
o0325a.png,506,775,HS,
o0325a.png,719,513,HS,
o0325a.png,680,506,HS,
o0325a.png,763,595,HS,
o0325a.png,721,908,HS,
o0325b.png,71,88,HS,
o0325b.png,100,220,HS,
o0325b.png,264,552,HS,
o0325b.png,210,863,HS,
o0325b.png,205,880,HS,
o0325b.png,407,632,HS,
o0325b.png,665,310,HS,
o0325c.png,342,716,HS,
o0325c.png,459,709,HS,
o0325c.png,480,726,HS,
o0325c.png,578,494,HS,
o0325c.png,703,473,HS,
o0325c.png,742,482,HS,
o0325c.png,682,857,HS,
o0325d.png,95,506,HS,
o0325d.png,271,566,HS,
o0325d.png,265,900,HS,
o0325d.png,432,740,HS,
o0325d.png,604,589,HS,
o0325d.png,556,804,HS,
o0325d.png,529,868,HS,
o0325d.png,555,865,HS,
