Name,Row,Column,Label,
mcr_lter5_fringingreef_pole1-2_qu2_20100414.jpg,533,1587,P. Rus
mcr_lter5_fringingreef_pole1-2_qu2_20100414.jpg,1093,1425,P. Rus
mcr_lter5_fringingreef_pole1-2_qu2_20100414.jpg,1221,1160,P. Rus
mcr_lter5_fringingreef_pole1-2_qu2_20100414.jpg,1647,1671,Off
mcr_lter5_fringingreef_pole1-2_qu2_20100414.jpg,1413,1293,P. Rus
mcr_lter5_fringingreef_pole1-2_qu2_20100414.jpg,1501,274,CCA
mcr_lter5_fringingreef_pole1-2_qu2_20100414.jpg,1109,510,CCA
mcr_lter5_fringingreef_pole1-2_qu2_20100414.jpg,470,363,P. Rus
mcr_lter5_fringingreef_pole1-2_qu2_20100414.jpg,117,1361,Off
mcr_lter5_fringingreef_pole1-2_qu2_20100414.jpg,1119,583,CCA
mcr_lter5_fringingreef_pole1-2_qu2_20100414.jpg,915,1490,P. Rus
mcr_lter5_fringingreef_pole1-2_qu2_20100414.jpg,654,982,P. Rus
mcr_lter5_fringingreef_pole1-2_qu2_20100414.jpg,1020,652,P. Rus
mcr_lter5_fringingreef_pole1-2_qu2_20100414.jpg,1190,1097,P. Rus
mcr_lter5_fringingreef_pole1-2_qu2_20100414.jpg,1642,228,P. Rus
mcr_lter5_fringingreef_pole1-2_qu2_20100414.jpg,879,620,P. Rus
mcr_lter5_fringingreef_pole1-2_qu2_20100414.jpg,208,871,P. Rus
mcr_lter5_fringingreef_pole1-2_qu2_20100414.jpg,1215,300,Sand
mcr_lter5_fringingreef_pole1-2_qu2_20100414.jpg,1019,200,CCA
mcr_lter5_fringingreef_pole1-2_qu2_20100414.jpg,951,1550,P. Rus
mcr_lter5_fringingreef_pole1-2_qu2_20100414.jpg,1365,733,P. Rus
mcr_lter5_fringingreef_pole1-2_qu2_20100414.jpg,1114,526,CCA
mcr_lter5_fringingreef_pole1-2_qu2_20100414.jpg,407,1346,P. Rus
mcr_lter5_fringingreef_pole1-2_qu2_20100414.jpg,1311,410,CCA
mcr_lter5_fringingreef_pole1-2_qu2_20100414.jpg,568,148,P. Rus
mcr_lter5_fringingreef_pole1-2_qu2_20100414.jpg,337,484,P. Rus
mcr_lter5_fringingreef_pole1-2_qu2_20100414.jpg,865,1448,P. Rus
mcr_lter5_fringingreef_pole1-2_qu2_20100414.jpg,539,1460,P. Rus
mcr_lter5_fringingreef_pole1-2_qu2_20100414.jpg,834,864,P. Rus
mcr_lter5_fringingreef_pole1-2_qu2_20100414.jpg,628,1594,P. Rus
mcr_lter5_fringingreef_pole1-2_qu2_20100414.jpg,920,587,P. Rus
mcr_lter5_fringingreef_pole1-2_qu2_20100414.jpg,1237,1028,P. Rus
mcr_lter5_fringingreef_pole1-2_qu2_20100414.jpg,1326,916,P. Rus
mcr_lter5_fringingreef_pole1-2_qu2_20100414.jpg,1397,515,P. Rus
mcr_lter5_fringingreef_pole1-2_qu2_20100414.jpg,933,1176,P. Rus
mcr_lter5_fringingreef_pole1-2_qu2_20100414.jpg,966,1566,CCA
mcr_lter5_fringingreef_pole1-2_qu2_20100414.jpg,1495,1446,P. Rus
mcr_lter5_fringingreef_pole1-2_qu2_20100414.jpg,218,667,P. Rus
mcr_lter5_fringingreef_pole1-2_qu2_20100414.jpg,194,170,P. Rus
mcr_lter5_fringingreef_pole1-2_qu2_20100414.jpg,1255,1615,CCA
mcr_lter5_fringingreef_pole1-2_qu2_20100414.jpg,1519,1674,Off
mcr_lter5_fringingreef_pole1-2_qu2_20100414.jpg,501,1146,P. Rus
mcr_lter5_fringingreef_pole1-2_qu2_20100414.jpg,722,1336,P. Rus
mcr_lter5_fringingreef_pole1-2_qu2_20100414.jpg,1466,506,P. Rus
mcr_lter5_fringingreef_pole1-2_qu2_20100414.jpg,878,956,P. Rus
mcr_lter5_fringingreef_pole1-2_qu2_20100414.jpg,621,480,P. Rus
mcr_lter5_fringingreef_pole1-2_qu2_20100414.jpg,1242,362,Sand
mcr_lter5_fringingreef_pole1-2_qu2_20100414.jpg,288,724,P. Rus
mcr_lter5_fringingreef_pole1-2_qu2_20100414.jpg,1359,1494,P. Rus
mcr_lter5_fringingreef_pole1-2_qu2_20100414.jpg,1568,333,P. Rus
mcr_lter5_fringingreef_pole1-2_qu2_20100414.jpg,1105,932,P. Rus
mcr_lter5_fringingreef_pole1-2_qu2_20100414.jpg,1602,1093,P. Rus
mcr_lter5_fringingreef_pole1-2_qu2_20100414.jpg,1163,1505,P. Rus
mcr_lter5_fringingreef_pole1-2_qu2_20100414.jpg,1125,393,CCA
mcr_lter5_fringingreef_pole1-2_qu2_20100414.jpg,363,1024,P. Rus
mcr_lter5_fringingreef_pole1-2_qu2_20100414.jpg,1385,707,CCA
mcr_lter5_fringingreef_pole1-2_qu2_20100414.jpg,1308,677,P. Rus
mcr_lter5_fringingreef_pole1-2_qu2_20100414.jpg,153,1580,Off
mcr_lter5_fringingreef_pole1-2_qu2_20100414.jpg,427,1412,P. Rus
mcr_lter5_fringingreef_pole1-2_qu2_20100414.jpg,1199,720,CCA
mcr_lter5_fringingreef_pole1-2_qu2_20100414.jpg,1114,237,CCA
mcr_lter5_fringingreef_pole1-2_qu2_20100414.jpg,145,724,P. Rus
mcr_lter5_fringingreef_pole1-2_qu2_20100414.jpg,966,1034,CCA
mcr_lter5_fringingreef_pole1-2_qu2_20100414.jpg,699,858,P. Rus
mcr_lter5_fringingreef_pole1-2_qu2_20100414.jpg,1327,808,P. Rus
mcr_lter5_fringingreef_pole1-2_qu2_20100414.jpg,819,1352,P. Rus
mcr_lter5_fringingreef_pole1-2_qu2_20100414.jpg,1512,643,P. Rus
mcr_lter5_fringingreef_pole1-2_qu2_20100414.jpg,256,838,P. Rus
mcr_lter5_fringingreef_pole1-2_qu3_20100414.jpg,1560,869,P. Rus
mcr_lter5_fringingreef_pole1-2_qu3_20100414.jpg,363,1119,P. Rus
mcr_lter5_fringingreef_pole1-2_qu3_20100414.jpg,423,753,P. Rus
mcr_lter5_fringingreef_pole1-2_qu3_20100414.jpg,1307,685,P. Rus
mcr_lter5_fringingreef_pole1-2_qu3_20100414.jpg,363,503,P. Rus
mcr_lter5_fringingreef_pole1-2_qu3_20100414.jpg,1017,446,P. Rus
mcr_lter5_fringingreef_pole1-2_qu3_20100414.jpg,694,1089,P. Rus
mcr_lter5_fringingreef_pole1-2_qu3_20100414.jpg,1019,1017,P. Rus
mcr_lter5_fringingreef_pole1-2_qu3_20100414.jpg,824,241,Turf
mcr_lter5_fringingreef_pole1-2_qu3_20100414.jpg,1707,1031,Turf
mcr_lter5_fringingreef_pole1-2_qu3_20100414.jpg,1359,136,P. Rus
mcr_lter5_fringingreef_pole1-2_qu3_20100414.jpg,1182,1634,P. Rus
mcr_lter5_fringingreef_pole1-2_qu3_20100414.jpg,324,449,CCA
mcr_lter5_fringingreef_pole1-2_qu3_20100414.jpg,1298,640,P. Rus
mcr_lter5_fringingreef_pole1-2_qu3_20100414.jpg,1541,328,P. Rus
mcr_lter5_fringingreef_pole1-2_qu3_20100414.jpg,344,1378,P. Rus
mcr_lter5_fringingreef_pole1-2_qu3_20100414.jpg,209,307,P. Rus
mcr_lter5_fringingreef_pole1-2_qu3_20100414.jpg,526,1240,P. Rus
mcr_lter5_fringingreef_pole1-2_qu3_20100414.jpg,580,143,P. Rus
mcr_lter5_fringingreef_pole1-2_qu3_20100414.jpg,983,1003,P. Rus
mcr_lter5_fringingreef_pole1-2_qu3_20100414.jpg,700,868,P. Rus
mcr_lter5_fringingreef_pole1-2_qu3_20100414.jpg,1401,1600,Turf
mcr_lter5_fringingreef_pole1-2_qu3_20100414.jpg,1110,365,P. Rus
mcr_lter5_fringingreef_pole1-2_qu3_20100414.jpg,616,600,P. Rus
mcr_lter5_fringingreef_pole1-2_qu3_20100414.jpg,1497,1540,Turf
mcr_lter5_fringingreef_pole1-2_qu3_20100414.jpg,1079,826,P. Rus
mcr_lter5_fringingreef_pole1-2_qu3_20100414.jpg,1632,917,CCA
mcr_lter5_fringingreef_pole1-2_qu3_20100414.jpg,198,1171,P. Rus
mcr_lter5_fringingreef_pole1-2_qu3_20100414.jpg,1399,868,P. Rus
mcr_lter5_fringingreef_pole1-2_qu3_20100414.jpg,1173,313,P. Rus
mcr_lter5_fringingreef_pole1-2_qu3_20100414.jpg,131,234,P. Rus
mcr_lter5_fringingreef_pole1-2_qu3_20100414.jpg,1023,782,P. Rus
mcr_lter5_fringingreef_pole1-2_qu3_20100414.jpg,266,1632,P. Rus
mcr_lter5_fringingreef_pole1-2_qu3_20100414.jpg,1316,1454,Turf
mcr_lter5_fringingreef_pole1-2_qu3_20100414.jpg,618,457,P. Rus
mcr_lter5_fringingreef_pole1-2_qu3_20100414.jpg,475,613,P. Rus
mcr_lter5_fringingreef_pole1-2_qu3_20100414.jpg,134,1607,Off
mcr_lter5_fringingreef_pole1-2_qu3_20100414.jpg,158,291,P. Rus
mcr_lter5_fringingreef_pole1-2_qu3_20100414.jpg,212,1217,P. Rus
mcr_lter5_fringingreef_pole1-2_qu3_20100414.jpg,1650,1602,Turf
mcr_lter5_fringingreef_pole1-2_qu3_20100414.jpg,1325,106,P. Rus
mcr_lter5_fringingreef_pole1-2_qu3_20100414.jpg,696,1318,P. Rus
mcr_lter5_fringingreef_pole1-2_qu3_20100414.jpg,1561,1516,Turf
mcr_lter5_fringingreef_pole1-2_qu3_20100414.jpg,1553,1106,Turf
mcr_lter5_fringingreef_pole1-2_qu3_20100414.jpg,537,1475,P. Rus
mcr_lter5_fringingreef_pole1-2_qu3_20100414.jpg,1050,935,P. Rus
mcr_lter5_fringingreef_pole1-2_qu3_20100414.jpg,1260,1688,Off
mcr_lter5_fringingreef_pole1-2_qu3_20100414.jpg,798,347,P. Rus
mcr_lter5_fringingreef_pole1-2_qu3_20100414.jpg,1604,871,CCA
mcr_lter5_fringingreef_pole1-2_qu3_20100414.jpg,592,1017,P. Rus
mcr_lter5_fringingreef_pole1-2_qu3_20100414.jpg,353,181,P. Rus
mcr_lter5_fringingreef_pole1-2_qu3_20100414.jpg,1018,796,P. Rus
mcr_lter5_fringingreef_pole1-2_qu3_20100414.jpg,520,325,CCA
mcr_lter5_fringingreef_pole1-2_qu3_20100414.jpg,495,763,P. Rus
mcr_lter5_fringingreef_pole1-2_qu3_20100414.jpg,1449,1544,Turf
mcr_lter5_fringingreef_pole1-2_qu3_20100414.jpg,298,655,P. Rus
mcr_lter5_fringingreef_pole1-2_qu3_20100414.jpg,997,1369,P. Rus
mcr_lter5_fringingreef_pole1-2_qu3_20100414.jpg,687,1219,P. Rus
mcr_lter5_fringingreef_pole1-2_qu3_20100414.jpg,1585,1471,Turf
mcr_lter5_fringingreef_pole1-2_qu3_20100414.jpg,594,697,P. Rus
mcr_lter5_fringingreef_pole1-2_qu3_20100414.jpg,1365,1016,Pavon
mcr_lter5_fringingreef_pole1-2_qu3_20100414.jpg,1329,1354,Turf
mcr_lter5_fringingreef_pole1-2_qu3_20100414.jpg,1067,734,P. Rus
mcr_lter5_fringingreef_pole1-2_qu3_20100414.jpg,579,1177,P. Rus
mcr_lter5_fringingreef_pole1-2_qu3_20100414.jpg,1413,700,P. Rus
mcr_lter5_fringingreef_pole1-2_qu3_20100414.jpg,308,665,P. Rus
mcr_lter5_fringingreef_pole1-2_qu3_20100414.jpg,1625,944,CCA
mcr_lter5_fringingreef_pole1-2_qu3_20100414.jpg,1229,1474,P. Rus
mcr_lter5_fringingreef_pole1-2_qu3_20100414.jpg,996,781,P. Rus
mcr_lter5_fringingreef_pole1-2_qu3_20100414.jpg,651,549,P. Rus
mcr_lter5_fringingreef_pole1-2_qu3_20100414.jpg,538,399,CCA
mcr_lter5_fringingreef_pole1-2_qu3_20100414.jpg,1550,214,P. Rus
mcr_lter5_fringingreef_pole1-2_qu3_20100414.jpg,1319,1119,Turf
mcr_lter5_fringingreef_pole1-2_qu3_20100414.jpg,245,195,P. Rus
mcr_lter5_fringingreef_pole1-2_qu3_20100414.jpg,378,1251,P. Rus
mcr_lter5_fringingreef_pole1-2_qu3_20100414.jpg,1492,350,P. Rus
mcr_lter5_fringingreef_pole1-2_qu3_20100414.jpg,572,1044,P. Rus
mcr_lter5_fringingreef_pole1-2_qu3_20100414.jpg,654,435,P. Rus
mcr_lter5_fringingreef_pole1-2_qu3_20100414.jpg,431,764,P. Rus
mcr_lter5_fringingreef_pole1-2_qu3_20100414.jpg,973,855,P. Rus
mcr_lter5_fringingreef_pole1-2_qu3_20100414.jpg,414,378,P. Rus
mcr_lter5_fringingreef_pole1-2_qu3_20100414.jpg,1100,131,CCA
mcr_lter5_fringingreef_pole1-2_qu3_20100414.jpg,1422,982,CCA
mcr_lter5_fringingreef_pole1-2_qu3_20100414.jpg,952,591,P. Rus
mcr_lter5_fringingreef_pole1-2_qu3_20100414.jpg,1481,679,P. Rus
mcr_lter5_fringingreef_pole1-2_qu3_20100414.jpg,1697,662,P. Rus
mcr_lter5_fringingreef_pole1-2_qu3_20100414.jpg,1512,242,P. Rus
mcr_lter5_fringingreef_pole1-2_qu3_20100414.jpg,514,1522,P. Rus
mcr_lter5_fringingreef_pole1-2_qu3_20100414.jpg,739,871,P. Rus
mcr_lter5_fringingreef_pole1-2_qu3_20100414.jpg,195,373,P. Rus
mcr_lter5_fringingreef_pole1-2_qu3_20100414.jpg,1164,842,P. Rus
mcr_lter5_fringingreef_pole1-2_qu3_20100414.jpg,1580,1421,Turf
mcr_lter5_fringingreef_pole1-2_qu3_20100414.jpg,870,1365,Off
mcr_lter5_fringingreef_pole1-2_qu3_20100414.jpg,679,1361,P. Rus
mcr_lter5_fringingreef_pole1-2_qu3_20100414.jpg,1592,1212,Turf
mcr_lter5_fringingreef_pole1-2_qu3_20100414.jpg,1285,1582,P. Rus
mcr_lter5_fringingreef_pole1-2_qu3_20100414.jpg,302,939,Turf
mcr_lter5_fringingreef_pole1-2_qu3_20100414.jpg,518,957,P. Rus
mcr_lter5_fringingreef_pole1-2_qu3_20100414.jpg,350,225,P. Rus
mcr_lter5_fringingreef_pole1-2_qu3_20100414.jpg,1530,1311,Turf
mcr_lter5_fringingreef_pole1-2_qu3_20100414.jpg,1147,1527,Turf
mcr_lter5_fringingreef_pole1-2_qu3_20100414.jpg,1022,560,P. Rus
mcr_lter5_fringingreef_pole1-2_qu3_20100414.jpg,1302,1075,Pavon
mcr_lter5_fringingreef_pole1-2_qu3_20100414.jpg,784,1291,P. Rus
mcr_lter5_fringingreef_pole1-2_qu3_20100414.jpg,353,1208,P. Rus
mcr_lter5_fringingreef_pole1-2_qu3_20100414.jpg,510,249,P. Rus
mcr_lter5_fringingreef_pole1-2_qu3_20100414.jpg,896,298,Off
mcr_lter5_fringingreef_pole1-2_qu3_20100414.jpg,916,1190,P. Rus
mcr_lter5_fringingreef_pole1-2_qu3_20100414.jpg,594,1235,P. Rus
mcr_lter5_fringingreef_pole1-2_qu3_20100414.jpg,912,1038,P. Rus
mcr_lter5_fringingreef_pole1-2_qu3_20100414.jpg,1132,904,P. Rus
mcr_lter5_fringingreef_pole1-2_qu3_20100414.jpg,1260,1447,P. Rus
mcr_lter5_fringingreef_pole1-2_qu3_20100414.jpg,850,767,P. Rus
mcr_lter5_fringingreef_pole1-2_qu3_20100414.jpg,1143,526,P. Rus
mcr_lter5_fringingreef_pole1-2_qu3_20100414.jpg,1478,404,P. Rus
mcr_lter5_fringingreef_pole1-2_qu3_20100414.jpg,1452,1615,Turf
mcr_lter5_fringingreef_pole1-2_qu3_20100414.jpg,376,1315,P. Rus
mcr_lter5_fringingreef_pole1-2_qu3_20100414.jpg,320,272,CCA
mcr_lter5_fringingreef_pole1-2_qu3_20100414.jpg,474,1344,P. Rus
mcr_lter5_fringingreef_pole1-2_qu3_20100414.jpg,301,520,P. Rus
mcr_lter5_fringingreef_pole1-2_qu3_20100414.jpg,1121,1638,P. Rus
mcr_lter5_fringingreef_pole1-2_qu3_20100414.jpg,1050,1124,P. Rus
mcr_lter5_fringingreef_pole1-2_qu3_20100414.jpg,1090,1650,P. Rus
mcr_lter5_fringingreef_pole1-2_qu3_20100414.jpg,621,1369,P. Rus
mcr_lter5_fringingreef_pole1-2_qu3_20100414.jpg,550,1410,P. Rus
mcr_lter5_fringingreef_pole1-2_qu3_20100414.jpg,843,1603,Off
mcr_lter5_fringingreef_pole1-2_qu3_20100414.jpg,1021,1227,P. Rus
mcr_lter5_fringingreef_pole1-2_qu3_20100414.jpg,1116,623,P. Rus
mcr_lter5_fringingreef_pole1-2_qu3_20100414.jpg,564,215,CCA
mcr_lter5_fringingreef_pole1-2_qu3_20100414.jpg,1099,129,Sand
mcr_lter5_fringingreef_pole1-2_qu3_20100414.jpg,1003,1067,P. Rus
mcr_lter5_fringingreef_pole1-2_qu3_20100414.jpg,377,480,P. Rus
mcr_lter5_fringingreef_pole1-2_qu3_20100414.jpg,988,1646,P. Rus
mcr_lter5_fringingreef_pole1-2_qu3_20100414.jpg,734,582,P. Rus
mcr_lter5_fringingreef_pole1-2_qu3_20100414.jpg,1379,1548,Turf
mcr_lter5_fringingreef_pole1-2_qu3_20100414.jpg,1472,1605,Turf
mcr_lter5_fringingreef_pole1-2_qu3_20100414.jpg,886,107,Off
mcr_lter5_fringingreef_pole1-2_qu3_20100414.jpg,1476,338,P. Rus
mcr_lter5_fringingreef_pole1-2_qu3_20100414.jpg,172,1531,P. Rus
mcr_lter5_fringingreef_pole1-2_qu3_20100414.jpg,1323,1447,Turf
mcr_lter5_fringingreef_pole1-2_qu3_20100414.jpg,833,782,P. Rus
mcr_lter5_fringingreef_pole1-2_qu3_20100414.jpg,674,761,P. Rus
mcr_lter5_fringingreef_pole1-2_qu3_20100414.jpg,1173,970,P. Rus
mcr_lter5_fringingreef_pole1-2_qu3_20100414.jpg,1483,1554,Turf
mcr_lter5_fringingreef_pole1-2_qu3_20100414.jpg,1106,1629,P. Rus
mcr_lter5_fringingreef_pole1-2_qu3_20100414.jpg,1010,541,P. Rus
mcr_lter5_fringingreef_pole1-2_qu3_20100414.jpg,681,1601,P. Rus
mcr_lter5_fringingreef_pole1-2_qu3_20100414.jpg,710,252,Turf
mcr_lter5_fringingreef_pole1-2_qu3_20100414.jpg,346,1417,P. Rus
mcr_lter5_fringingreef_pole1-2_qu3_20100414.jpg,1229,1305,Turf
mcr_lter5_fringingreef_pole1-2_qu3_20100414.jpg,1035,1499,P. Rus
mcr_lter5_fringingreef_pole1-2_qu3_20100414.jpg,1152,969,P. Rus
mcr_lter5_fringingreef_pole1-2_qu3_20100414.jpg,1204,550,P. Rus
mcr_lter5_fringingreef_pole1-2_qu3_20100414.jpg,221,988,Turf
mcr_lter5_fringingreef_pole1-2_qu3_20100414.jpg,842,672,P. Rus
mcr_lter5_fringingreef_pole1-2_qu3_20100414.jpg,1123,1679,Off
mcr_lter5_fringingreef_pole1-2_qu3_20100414.jpg,1062,1495,CCA
mcr_lter5_fringingreef_pole1-2_qu3_20100414.jpg,1283,1011,Pavon
mcr_lter5_fringingreef_pole1-2_qu3_20100414.jpg,974,1040,P. Rus
mcr_lter5_fringingreef_pole1-2_qu3_20100414.jpg,193,922,Turf
mcr_lter5_fringingreef_pole1-2_qu3_20100414.jpg,523,391,P. Rus
mcr_lter5_fringingreef_pole1-2_qu3_20100414.jpg,1396,858,P. Rus
mcr_lter5_fringingreef_pole1-2_qu3_20100414.jpg,1172,1284,P. Rus
mcr_lter5_fringingreef_pole1-2_qu3_20100414.jpg,280,1664,P. Rus
mcr_lter5_fringingreef_pole1-2_qu3_20100414.jpg,303,510,P. Rus
mcr_lter5_fringingreef_pole1-2_qu3_20100414.jpg,452,1629,P. Rus
mcr_lter5_fringingreef_pole1-2_qu3_20100414.jpg,861,1521,Off
mcr_lter5_fringingreef_pole1-2_qu3_20100414.jpg,1523,1602,Turf
mcr_lter5_fringingreef_pole1-2_qu3_20100414.jpg,1648,1085,Turf
mcr_lter5_fringingreef_pole1-2_qu3_20100414.jpg,219,1256,P. Rus
mcr_lter5_fringingreef_pole1-2_qu3_20100414.jpg,323,824,P. Rus
mcr_lter5_fringingreef_pole1-2_qu3_20100414.jpg,765,975,P. Rus
mcr_lter5_fringingreef_pole1-2_qu3_20100414.jpg,802,974,P. Rus
mcr_lter5_fringingreef_pole1-2_qu3_20100414.jpg,465,1132,P. Rus
mcr_lter5_fringingreef_pole1-2_qu3_20100414.jpg,121,1564,Off
mcr_lter5_fringingreef_pole1-2_qu3_20100414.jpg,312,1561,P. Rus
mcr_lter5_fringingreef_pole1-2_qu3_20100414.jpg,808,326,P. Rus
mcr_lter5_fringingreef_pole1-2_qu3_20100414.jpg,1103,1144,P. Rus
mcr_lter5_fringingreef_pole1-2_qu3_20100414.jpg,1312,558,P. Rus
mcr_lter5_fringingreef_pole1-2_qu3_20100414.jpg,611,725,P. Rus
mcr_lter5_fringingreef_pole1-2_qu3_20100414.jpg,547,776,P. Rus
mcr_lter5_fringingreef_pole1-2_qu3_20100414.jpg,816,1074,P. Rus
mcr_lter5_fringingreef_pole1-2_qu3_20100414.jpg,412,1258,P. Rus
mcr_lter5_fringingreef_pole1-2_qu3_20100414.jpg,992,1007,P. Rus
mcr_lter5_fringingreef_pole1-2_qu3_20100414.jpg,1516,1599,Turf
mcr_lter5_fringingreef_pole1-2_qu3_20100414.jpg,857,1094,Off
mcr_lter5_fringingreef_pole1-2_qu3_20100414.jpg,468,1566,P. Rus
mcr_lter5_fringingreef_pole1-2_qu3_20100414.jpg,1707,683,Off
mcr_lter5_fringingreef_pole1-2_qu3_20100414.jpg,997,1570,P. Rus
mcr_lter5_fringingreef_pole1-2_qu3_20100414.jpg,532,1095,P. Rus
mcr_lter5_fringingreef_pole1-2_qu3_20100414.jpg,1579,746,P. Rus
mcr_lter5_fringingreef_pole1-2_qu3_20100414.jpg,1235,832,P. Rus
mcr_lter5_fringingreef_pole1-2_qu3_20100414.jpg,1680,1307,Turf
mcr_lter5_fringingreef_pole1-2_qu3_20100414.jpg,1178,1026,P. Rus
mcr_lter5_fringingreef_pole1-2_qu3_20100414.jpg,822,1194,P. Rus
mcr_lter5_fringingreef_pole1-2_qu3_20100414.jpg,1093,1208,P. Rus
mcr_lter5_fringingreef_pole1-2_qu3_20100414.jpg,1082,730,P. Rus
mcr_lter5_fringingreef_pole1-2_qu3_20100414.jpg,723,1164,P. Rus
mcr_lter5_fringingreef_pole1-2_qu3_20100414.jpg,218,1142,P. Rus
mcr_lter5_fringingreef_pole1-2_qu4_20100414.jpg,768,1135,Turf
mcr_lter5_fringingreef_pole1-2_qu4_20100414.jpg,981,893,Turf
mcr_lter5_fringingreef_pole1-2_qu4_20100414.jpg,388,651,P. Rus
mcr_lter5_fringingreef_pole1-2_qu4_20100414.jpg,224,730,P. Rus
mcr_lter5_fringingreef_pole1-2_qu4_20100414.jpg,141,1410,Off
mcr_lter5_fringingreef_pole1-2_qu4_20100414.jpg,1548,661,Turf
mcr_lter5_fringingreef_pole1-2_qu4_20100414.jpg,574,872,Turf
mcr_lter5_fringingreef_pole1-2_qu4_20100414.jpg,297,1412,Turf
mcr_lter5_fringingreef_pole1-2_qu4_20100414.jpg,1311,1354,Pocill
mcr_lter5_fringingreef_pole1-2_qu4_20100414.jpg,459,678,P. Rus
mcr_lter5_fringingreef_pole1-2_qu4_20100414.jpg,319,891,Turf
mcr_lter5_fringingreef_pole1-2_qu4_20100414.jpg,1249,531,Turf
mcr_lter5_fringingreef_pole1-2_qu4_20100414.jpg,1145,946,P. Rus
mcr_lter5_fringingreef_pole1-2_qu4_20100414.jpg,1152,1675,Off
mcr_lter5_fringingreef_pole1-2_qu4_20100414.jpg,755,1416,Turf
mcr_lter5_fringingreef_pole1-2_qu4_20100414.jpg,279,215,P. Rus
mcr_lter5_fringingreef_pole1-2_qu4_20100414.jpg,221,1645,Turf
mcr_lter5_fringingreef_pole1-2_qu4_20100414.jpg,237,442,P. Rus
mcr_lter5_fringingreef_pole1-2_qu4_20100414.jpg,529,1645,Pocill
mcr_lter5_fringingreef_pole1-2_qu4_20100414.jpg,419,718,P. Rus
mcr_lter5_fringingreef_pole1-2_qu4_20100414.jpg,179,1347,Turf
mcr_lter5_fringingreef_pole1-2_qu4_20100414.jpg,527,917,Turf
mcr_lter5_fringingreef_pole1-2_qu4_20100414.jpg,1115,415,Turf
mcr_lter5_fringingreef_pole1-2_qu4_20100414.jpg,403,287,P. Rus
mcr_lter5_fringingreef_pole1-2_qu4_20100414.jpg,1115,586,P. Rus
mcr_lter5_fringingreef_pole1-2_qu4_20100414.jpg,747,628,P. Rus
mcr_lter5_fringingreef_pole1-2_qu4_20100414.jpg,259,376,P. Rus
mcr_lter5_fringingreef_pole1-2_qu4_20100414.jpg,1565,129,Turf
mcr_lter5_fringingreef_pole1-2_qu4_20100414.jpg,630,165,P. Rus
mcr_lter5_fringingreef_pole1-2_qu4_20100414.jpg,1512,696,Turf
mcr_lter5_fringingreef_pole1-2_qu4_20100414.jpg,269,433,P. Rus
mcr_lter5_fringingreef_pole1-2_qu4_20100414.jpg,1270,473,Turf
mcr_lter5_fringingreef_pole1-2_qu4_20100414.jpg,1424,990,Turf
mcr_lter5_fringingreef_pole1-2_qu4_20100414.jpg,500,361,Turf
mcr_lter5_fringingreef_pole1-2_qu4_20100414.jpg,256,1102,P. Rus
mcr_lter5_fringingreef_pole1-2_qu4_20100414.jpg,451,390,P. Rus
mcr_lter5_fringingreef_pole1-2_qu4_20100414.jpg,1465,503,Turf
mcr_lter5_fringingreef_pole1-2_qu4_20100414.jpg,648,790,Turf
mcr_lter5_fringingreef_pole1-2_qu4_20100414.jpg,211,1655,Turf
mcr_lter5_fringingreef_pole1-2_qu4_20100414.jpg,1351,296,Turf
mcr_lter5_fringingreef_pole1-2_qu4_20100414.jpg,645,1479,Turf
mcr_lter5_fringingreef_pole1-2_qu4_20100414.jpg,257,1082,P. Rus
mcr_lter5_fringingreef_pole1-2_qu4_20100414.jpg,249,333,P. Rus
mcr_lter5_fringingreef_pole1-2_qu4_20100414.jpg,260,969,P. Rus
mcr_lter5_fringingreef_pole1-2_qu4_20100414.jpg,1504,1091,Turf
mcr_lter5_fringingreef_pole1-2_qu4_20100414.jpg,170,935,P. Rus
mcr_lter5_fringingreef_pole1-2_qu4_20100414.jpg,653,1057,Turf
mcr_lter5_fringingreef_pole1-2_qu4_20100414.jpg,165,416,P. Rus
mcr_lter5_fringingreef_pole1-2_qu4_20100414.jpg,811,864,Turf
mcr_lter5_fringingreef_pole1-2_qu4_20100414.jpg,511,1280,Turf
mcr_lter5_fringingreef_pole1-2_qu4_20100414.jpg,1253,1614,Turf
mcr_lter5_fringingreef_pole1-2_qu4_20100414.jpg,1168,612,Turf
mcr_lter5_fringingreef_pole1-2_qu4_20100414.jpg,178,198,P. Rus
mcr_lter5_fringingreef_pole1-2_qu4_20100414.jpg,1303,1099,P. Rus
mcr_lter5_fringingreef_pole1-2_qu4_20100414.jpg,877,780,P. Rus
mcr_lter5_fringingreef_pole1-2_qu4_20100414.jpg,728,1244,Turf
mcr_lter5_fringingreef_pole1-2_qu4_20100414.jpg,1344,993,P. Rus
mcr_lter5_fringingreef_pole1-2_qu4_20100414.jpg,1726,449,Off
mcr_lter5_fringingreef_pole1-2_qu4_20100414.jpg,1598,483,Turf
mcr_lter5_fringingreef_pole1-2_qu4_20100414.jpg,529,1232,Turf
mcr_lter5_fringingreef_pole1-2_qu4_20100414.jpg,1015,442,Turf
mcr_lter5_fringingreef_pole1-2_qu4_20100414.jpg,413,346,P. Rus
mcr_lter5_fringingreef_pole1-2_qu4_20100414.jpg,782,1519,Turf
mcr_lter5_fringingreef_pole1-2_qu4_20100414.jpg,1668,1650,P. Rus
mcr_lter5_fringingreef_pole1-2_qu4_20100414.jpg,1581,871,Turf
mcr_lter5_fringingreef_pole1-2_qu4_20100414.jpg,1193,495,Turf
mcr_lter5_fringingreef_pole1-2_qu4_20100414.jpg,225,1430,Turf
mcr_lter5_fringingreef_pole1-2_qu4_20100414.jpg,793,1073,Turf
mcr_lter5_fringingreef_pole1-2_qu4_20100414.jpg,1071,293,Turf
mcr_lter5_fringingreef_pole1-2_qu4_20100414.jpg,1292,115,Turf
mcr_lter5_fringingreef_pole1-2_qu4_20100414.jpg,772,200,Turf
mcr_lter5_fringingreef_pole1-2_qu4_20100414.jpg,1132,1046,Turf
mcr_lter5_fringingreef_pole1-2_qu4_20100414.jpg,391,429,P. Rus
mcr_lter5_fringingreef_pole1-2_qu4_20100414.jpg,824,1329,Turf
mcr_lter5_fringingreef_pole1-2_qu4_20100414.jpg,291,1467,Turf
mcr_lter5_fringingreef_pole1-2_qu4_20100414.jpg,1098,317,Turf
mcr_lter5_fringingreef_pole1-2_qu4_20100414.jpg,844,381,Turf
mcr_lter5_fringingreef_pole1-2_qu4_20100414.jpg,673,1014,Turf
mcr_lter5_fringingreef_pole1-2_qu4_20100414.jpg,1010,161,Turf
mcr_lter5_fringingreef_pole1-2_qu4_20100414.jpg,841,1181,Turf
mcr_lter5_fringingreef_pole1-2_qu4_20100414.jpg,576,173,CCA
mcr_lter5_fringingreef_pole1-2_qu4_20100414.jpg,1592,754,Turf
mcr_lter5_fringingreef_pole1-2_qu4_20100414.jpg,1648,509,Turf
mcr_lter5_fringingreef_pole1-2_qu4_20100414.jpg,190,1067,P. Rus
mcr_lter5_fringingreef_pole1-2_qu4_20100414.jpg,1607,1530,Turf
mcr_lter5_fringingreef_pole1-2_qu4_20100414.jpg,331,707,P. Rus
mcr_lter5_fringingreef_pole1-2_qu4_20100414.jpg,1126,464,Turf
mcr_lter5_fringingreef_pole1-2_qu4_20100414.jpg,1148,241,Turf
mcr_lter5_fringingreef_pole1-2_qu4_20100414.jpg,661,1501,Turf
mcr_lter5_fringingreef_pole1-2_qu4_20100414.jpg,1461,480,Turf
mcr_lter5_fringingreef_pole1-2_qu4_20100414.jpg,925,950,Turf
mcr_lter5_fringingreef_pole1-2_qu4_20100414.jpg,1254,258,Turf
mcr_lter5_fringingreef_pole1-2_qu4_20100414.jpg,1447,469,Turf
mcr_lter5_fringingreef_pole1-2_qu4_20100414.jpg,1569,124,CCA
mcr_lter5_fringingreef_pole1-2_qu4_20100414.jpg,1097,1389,Turf
mcr_lter5_fringingreef_pole1-2_qu4_20100414.jpg,1165,251,Turf
mcr_lter5_fringingreef_pole1-2_qu4_20100414.jpg,1488,1672,Off
mcr_lter5_fringingreef_pole1-2_qu4_20100414.jpg,1057,1062,Turf
mcr_lter5_fringingreef_pole1-2_qu4_20100414.jpg,1446,1082,Turf
mcr_lter5_fringingreef_pole1-2_qu4_20100414.jpg,601,1618,Turf
mcr_lter5_fringingreef_pole1-2_qu4_20100414.jpg,900,1306,Turf
mcr_lter5_fringingreef_pole1-2_qu4_20100414.jpg,159,1049,Off
mcr_lter5_fringingreef_pole1-2_qu4_20100414.jpg,1584,1214,Turf
mcr_lter5_fringingreef_pole1-2_qu4_20100414.jpg,1304,1445,Turf
mcr_lter5_fringingreef_pole1-2_qu4_20100414.jpg,1604,1431,Turf
mcr_lter5_fringingreef_pole1-2_qu4_20100414.jpg,1061,217,Turf
mcr_lter5_fringingreef_pole1-2_qu4_20100414.jpg,628,633,CCA
mcr_lter5_fringingreef_pole1-2_qu4_20100414.jpg,1157,1298,Turf
mcr_lter5_fringingreef_pole1-2_qu4_20100414.jpg,665,178,P. Rus
mcr_lter5_fringingreef_pole1-2_qu4_20100414.jpg,1045,1143,Turf
mcr_lter5_fringingreef_pole1-2_qu4_20100414.jpg,904,1141,Turf
mcr_lter5_fringingreef_pole1-2_qu4_20100414.jpg,529,588,P. Rus
mcr_lter5_fringingreef_pole1-2_qu4_20100414.jpg,573,613,P. Rus
mcr_lter5_fringingreef_pole1-2_qu4_20100414.jpg,867,1650,Turf
mcr_lter5_fringingreef_pole1-2_qu4_20100414.jpg,1121,779,Turf
mcr_lter5_fringingreef_pole1-2_qu4_20100414.jpg,1085,987,Turf
mcr_lter5_fringingreef_pole1-2_qu4_20100414.jpg,408,1293,Turf
mcr_lter5_fringingreef_pole1-2_qu4_20100414.jpg,1695,772,Turf
mcr_lter5_fringingreef_pole1-2_qu4_20100414.jpg,392,1476,Turf
mcr_lter5_fringingreef_pole1-2_qu4_20100414.jpg,239,210,P. Rus
mcr_lter5_fringingreef_pole1-2_qu4_20100414.jpg,1716,1174,Turf
mcr_lter5_fringingreef_pole1-2_qu4_20100414.jpg,1629,185,Turf
mcr_lter5_fringingreef_pole1-2_qu4_20100414.jpg,1510,414,Turf
mcr_lter5_fringingreef_pole1-2_qu4_20100414.jpg,1311,567,Turf
mcr_lter5_fringingreef_pole1-2_qu4_20100414.jpg,1620,970,Turf
mcr_lter5_fringingreef_pole1-2_qu4_20100414.jpg,1298,831,Turf
mcr_lter5_fringingreef_pole1-2_qu4_20100414.jpg,1528,1125,Turf
mcr_lter5_fringingreef_pole1-2_qu4_20100414.jpg,454,771,Turf
mcr_lter5_fringingreef_pole1-2_qu4_20100414.jpg,298,1325,Turf
mcr_lter5_fringingreef_pole1-2_qu4_20100414.jpg,1050,603,Turf
mcr_lter5_fringingreef_pole1-2_qu4_20100414.jpg,1315,955,Turf
mcr_lter5_fringingreef_pole1-2_qu4_20100414.jpg,1276,1175,Turf
mcr_lter5_fringingreef_pole1-2_qu4_20100414.jpg,584,1223,Turf
mcr_lter5_fringingreef_pole1-2_qu4_20100414.jpg,481,1260,Turf
mcr_lter5_fringingreef_pole1-2_qu4_20100414.jpg,1376,950,Turf
mcr_lter5_fringingreef_pole1-2_qu4_20100414.jpg,538,862,Turf
mcr_lter5_fringingreef_pole1-2_qu4_20100414.jpg,710,1000,Turf
mcr_lter5_fringingreef_pole1-2_qu4_20100414.jpg,1020,1231,Turf
mcr_lter5_fringingreef_pole1-2_qu4_20100414.jpg,685,1634,Turf
mcr_lter5_fringingreef_pole1-2_qu4_20100414.jpg,295,1515,Turf
mcr_lter5_fringingreef_pole1-2_qu4_20100414.jpg,1282,1183,Turf
mcr_lter5_fringingreef_pole1-2_qu4_20100414.jpg,916,1583,Turf
mcr_lter5_fringingreef_pole1-2_qu4_20100414.jpg,195,1383,Turf
mcr_lter5_fringingreef_pole1-2_qu4_20100414.jpg,290,1384,Turf
mcr_lter5_fringingreef_pole1-2_qu4_20100414.jpg,694,187,Turf
mcr_lter5_fringingreef_pole1-2_qu4_20100414.jpg,1421,274,Turf
mcr_lter5_fringingreef_pole1-2_qu4_20100414.jpg,556,1016,Turf
mcr_lter5_fringingreef_pole1-2_qu4_20100414.jpg,1691,686,Turf
mcr_lter5_fringingreef_pole1-2_qu4_20100414.jpg,336,1583,Turf
mcr_lter5_fringingreef_pole1-2_qu4_20100414.jpg,187,633,CCA
mcr_lter5_fringingreef_pole1-2_qu4_20100414.jpg,508,490,Turf
mcr_lter5_fringingreef_pole1-2_qu4_20100414.jpg,1379,888,Turf
mcr_lter5_fringingreef_pole1-2_qu4_20100414.jpg,1250,624,Turf
mcr_lter5_fringingreef_pole1-2_qu4_20100414.jpg,597,283,P. Rus
mcr_lter5_fringingreef_pole1-2_qu4_20100414.jpg,1373,878,Turf
mcr_lter5_fringingreef_pole1-2_qu4_20100414.jpg,419,1206,Turf
mcr_lter5_fringingreef_pole1-2_qu4_20100414.jpg,1342,1091,Turf
mcr_lter5_fringingreef_pole1-2_qu4_20100414.jpg,996,618,Turf
mcr_lter5_fringingreef_pole1-2_qu4_20100414.jpg,1269,1044,Turf
mcr_lter5_fringingreef_pole1-2_qu4_20100414.jpg,763,511,P. Rus
mcr_lter5_fringingreef_pole1-2_qu4_20100414.jpg,253,1163,Turf
mcr_lter5_fringingreef_pole1-2_qu4_20100414.jpg,1245,142,Turf
mcr_lter5_fringingreef_pole1-2_qu4_20100414.jpg,1309,201,Turf
mcr_lter5_fringingreef_pole1-2_qu4_20100414.jpg,335,1204,Turf
mcr_lter5_fringingreef_pole1-2_qu4_20100414.jpg,971,342,Turf
mcr_lter5_fringingreef_pole1-2_qu4_20100414.jpg,944,1211,Turf
mcr_lter5_fringingreef_pole1-2_qu4_20100414.jpg,862,512,P. Rus
mcr_lter5_fringingreef_pole1-2_qu4_20100414.jpg,1586,384,Turf
mcr_lter5_fringingreef_pole1-2_qu4_20100414.jpg,565,1417,CCA
mcr_lter5_fringingreef_pole1-2_qu4_20100414.jpg,400,390,Turf
mcr_lter5_fringingreef_pole1-2_qu4_20100414.jpg,543,486,Turf
mcr_lter5_fringingreef_pole1-2_qu4_20100414.jpg,685,1143,Turf
mcr_lter5_fringingreef_pole1-2_qu4_20100414.jpg,1147,1594,Turf
mcr_lter5_fringingreef_pole1-2_qu4_20100414.jpg,1390,128,Turf
mcr_lter5_fringingreef_pole1-2_qu4_20100414.jpg,243,1445,Turf
mcr_lter5_fringingreef_pole1-2_qu4_20100414.jpg,152,887,Off
mcr_lter5_fringingreef_pole1-2_qu4_20100414.jpg,1118,1642,Turf
mcr_lter5_fringingreef_pole1-2_qu4_20100414.jpg,1424,524,Turf
mcr_lter5_fringingreef_pole1-2_qu4_20100414.jpg,256,1334,Turf
mcr_lter5_fringingreef_pole1-2_qu4_20100414.jpg,1197,1008,Turf
mcr_lter5_fringingreef_pole1-2_qu4_20100414.jpg,173,803,CCA
mcr_lter5_fringingreef_pole1-2_qu4_20100414.jpg,354,110,Off
mcr_lter5_fringingreef_pole1-2_qu4_20100414.jpg,774,989,Turf
mcr_lter5_fringingreef_pole1-2_qu4_20100414.jpg,352,853,Turf
mcr_lter5_fringingreef_pole1-2_qu4_20100414.jpg,1051,1458,Turf
mcr_lter5_fringingreef_pole1-2_qu4_20100414.jpg,1146,1125,P. Rus
mcr_lter5_fringingreef_pole1-2_qu4_20100414.jpg,1050,1370,Turf
mcr_lter5_fringingreef_pole1-2_qu4_20100414.jpg,1099,1207,Turf
mcr_lter5_fringingreef_pole1-2_qu4_20100414.jpg,901,729,Turf
mcr_lter5_fringingreef_pole1-2_qu4_20100414.jpg,1114,1184,Turf
mcr_lter5_fringingreef_pole1-2_qu4_20100414.jpg,976,1254,Turf
mcr_lter5_fringingreef_pole1-2_qu4_20100414.jpg,861,639,P. Rus
mcr_lter5_fringingreef_pole1-2_qu4_20100414.jpg,608,670,CCA
mcr_lter5_fringingreef_pole1-2_qu4_20100414.jpg,819,705,Turf
mcr_lter5_fringingreef_pole1-2_qu4_20100414.jpg,787,1222,Turf
mcr_lter5_fringingreef_pole1-2_qu4_20100414.jpg,1279,1204,Turf
mcr_lter5_fringingreef_pole1-2_qu4_20100414.jpg,399,1510,Turf
mcr_lter5_fringingreef_pole1-2_qu4_20100414.jpg,945,1372,Turf
mcr_lter5_fringingreef_pole1-2_qu4_20100414.jpg,708,842,Turf
mcr_lter5_fringingreef_pole1-2_qu5_20100414.jpg,1374,1368,P. Rus
mcr_lter5_fringingreef_pole1-2_qu5_20100414.jpg,821,1019,Turf
mcr_lter5_fringingreef_pole1-2_qu5_20100414.jpg,980,737,Turf
mcr_lter5_fringingreef_pole1-2_qu5_20100414.jpg,604,539,Pocill
mcr_lter5_fringingreef_pole1-2_qu5_20100414.jpg,986,1442,P. Rus
mcr_lter5_fringingreef_pole1-2_qu5_20100414.jpg,1397,995,Turf
mcr_lter5_fringingreef_pole1-2_qu5_20100414.jpg,387,1427,P. Rus
mcr_lter5_fringingreef_pole1-2_qu5_20100414.jpg,966,1448,Turf
mcr_lter5_fringingreef_pole1-2_qu5_20100414.jpg,1561,319,Turf
mcr_lter5_fringingreef_pole1-2_qu5_20100414.jpg,855,1569,Turf
mcr_lter5_fringingreef_pole1-2_qu5_20100414.jpg,768,1595,Turf
mcr_lter5_fringingreef_pole1-2_qu5_20100414.jpg,1418,1502,P. Rus
mcr_lter5_fringingreef_pole1-2_qu5_20100414.jpg,1398,1409,P. Rus
mcr_lter5_fringingreef_pole1-2_qu5_20100414.jpg,199,1409,P. Rus
mcr_lter5_fringingreef_pole1-2_qu5_20100414.jpg,1373,1608,P. Rus
mcr_lter5_fringingreef_pole1-2_qu5_20100414.jpg,1391,160,Turf
mcr_lter5_fringingreef_pole1-2_qu5_20100414.jpg,903,1411,Turf
mcr_lter5_fringingreef_pole1-2_qu5_20100414.jpg,1288,1286,P. Rus
mcr_lter5_fringingreef_pole1-2_qu5_20100414.jpg,1314,1286,P. Rus
mcr_lter5_fringingreef_pole1-2_qu5_20100414.jpg,140,825,Off
mcr_lter5_fringingreef_pole1-2_qu5_20100414.jpg,913,1440,Turf
mcr_lter5_fringingreef_pole1-2_qu5_20100414.jpg,1009,1629,Turf
mcr_lter5_fringingreef_pole1-2_qu5_20100414.jpg,748,206,Turf
mcr_lter5_fringingreef_pole1-2_qu5_20100414.jpg,1139,1495,P. Rus
mcr_lter5_fringingreef_pole1-2_qu5_20100414.jpg,1370,1630,P. Rus
mcr_lter5_fringingreef_pole1-2_qu5_20100414.jpg,676,1273,P. Rus
mcr_lter5_fringingreef_pole1-2_qu5_20100414.jpg,1203,1606,P. Rus
mcr_lter5_fringingreef_pole1-2_qu5_20100414.jpg,584,1082,Turf
mcr_lter5_fringingreef_pole1-2_qu5_20100414.jpg,468,708,Turf
mcr_lter5_fringingreef_pole1-2_qu5_20100414.jpg,144,711,Turf
mcr_lter5_fringingreef_pole1-2_qu5_20100414.jpg,454,1279,P. Rus
mcr_lter5_fringingreef_pole1-2_qu5_20100414.jpg,937,617,Off
mcr_lter5_fringingreef_pole1-2_qu5_20100414.jpg,1352,812,Turf
mcr_lter5_fringingreef_pole1-2_qu5_20100414.jpg,701,1012,Turf
mcr_lter5_fringingreef_pole1-2_qu5_20100414.jpg,689,309,Turf
mcr_lter5_fringingreef_pole1-2_qu5_20100414.jpg,304,412,Turf
mcr_lter5_fringingreef_pole1-2_qu5_20100414.jpg,1683,472,Pocill
mcr_lter5_fringingreef_pole1-2_qu5_20100414.jpg,1305,1368,P. Rus
mcr_lter5_fringingreef_pole1-2_qu5_20100414.jpg,748,790,Turf
mcr_lter5_fringingreef_pole1-2_qu5_20100414.jpg,645,1427,Turf
mcr_lter5_fringingreef_pole1-2_qu5_20100414.jpg,1620,1082,Turf
mcr_lter5_fringingreef_pole1-2_qu5_20100414.jpg,139,1591,Off
mcr_lter5_fringingreef_pole1-2_qu5_20100414.jpg,171,258,Turf
mcr_lter5_fringingreef_pole1-2_qu5_20100414.jpg,1270,990,Turf
mcr_lter5_fringingreef_pole1-2_qu5_20100414.jpg,159,1138,Off
mcr_lter5_fringingreef_pole1-2_qu5_20100414.jpg,395,901,Turf
mcr_lter5_fringingreef_pole1-2_qu5_20100414.jpg,1041,1488,P. Rus
mcr_lter5_fringingreef_pole1-2_qu5_20100414.jpg,1358,1668,Off
mcr_lter5_fringingreef_pole1-2_qu5_20100414.jpg,874,580,Turf
mcr_lter5_fringingreef_pole1-2_qu5_20100414.jpg,1232,1353,P. Rus
mcr_lter5_fringingreef_pole1-2_qu5_20100414.jpg,1468,710,Turf
mcr_lter5_fringingreef_pole1-2_qu5_20100414.jpg,801,1516,Turf
mcr_lter5_fringingreef_pole1-2_qu5_20100414.jpg,580,1088,Turf
mcr_lter5_fringingreef_pole1-2_qu5_20100414.jpg,1012,81,Off
mcr_lter5_fringingreef_pole1-2_qu5_20100414.jpg,231,147,Turf
mcr_lter5_fringingreef_pole1-2_qu5_20100414.jpg,975,393,Turf
mcr_lter5_fringingreef_pole1-2_qu5_20100414.jpg,1544,199,Turf
mcr_lter5_fringingreef_pole1-2_qu5_20100414.jpg,1389,565,Turf
mcr_lter5_fringingreef_pole1-2_qu5_20100414.jpg,125,1037,Off
mcr_lter5_fringingreef_pole1-2_qu5_20100414.jpg,462,549,Pocill
mcr_lter5_fringingreef_pole1-2_qu5_20100414.jpg,807,1356,Turf
mcr_lter5_fringingreef_pole1-2_qu5_20100414.jpg,591,117,Turf
mcr_lter5_fringingreef_pole1-2_qu5_20100414.jpg,1686,891,Turf
mcr_lter5_fringingreef_pole1-2_qu5_20100414.jpg,483,1426,Turf
mcr_lter5_fringingreef_pole1-2_qu5_20100414.jpg,385,1646,Turf
mcr_lter5_fringingreef_pole1-2_qu5_20100414.jpg,1119,1459,P. Rus
mcr_lter5_fringingreef_pole1-2_qu5_20100414.jpg,250,1634,Turf
mcr_lter5_fringingreef_pole1-2_qu5_20100414.jpg,339,225,Turf
mcr_lter5_fringingreef_pole1-2_qu5_20100414.jpg,1426,1165,Pocill
mcr_lter5_fringingreef_pole1-2_qu5_20100414.jpg,752,840,Turf
mcr_lter5_fringingreef_pole1-2_qu5_20100414.jpg,244,710,Turf
mcr_lter5_fringingreef_pole1-2_qu5_20100414.jpg,905,1058,CCA
mcr_lter5_fringingreef_pole1-2_qu5_20100414.jpg,1559,377,Turf
mcr_lter5_fringingreef_pole1-2_qu5_20100414.jpg,439,895,Turf
mcr_lter5_fringingreef_pole1-2_qu5_20100414.jpg,1241,895,Turf
mcr_lter5_fringingreef_pole1-2_qu5_20100414.jpg,1719,582,Off
mcr_lter5_fringingreef_pole1-2_qu5_20100414.jpg,987,76,Off
mcr_lter5_fringingreef_pole1-2_qu5_20100414.jpg,1064,1097,P. Rus
mcr_lter5_fringingreef_pole1-2_qu5_20100414.jpg,1166,402,Turf
mcr_lter5_fringingreef_pole1-2_qu5_20100414.jpg,580,232,Turf
mcr_lter5_fringingreef_pole1-2_qu5_20100414.jpg,1098,460,Turf
mcr_lter5_fringingreef_pole1-2_qu5_20100414.jpg,1680,1345,Turf
mcr_lter5_fringingreef_pole1-2_qu5_20100414.jpg,1632,191,Turf
mcr_lter5_fringingreef_pole1-2_qu5_20100414.jpg,1268,281,Turf
mcr_lter5_fringingreef_pole1-2_qu5_20100414.jpg,564,453,Pocill
mcr_lter5_fringingreef_pole1-2_qu5_20100414.jpg,428,805,Turf
mcr_lter5_fringingreef_pole1-2_qu5_20100414.jpg,373,241,Turf
mcr_lter5_fringingreef_pole1-2_qu5_20100414.jpg,308,1141,P. Rus
mcr_lter5_fringingreef_pole1-2_qu5_20100414.jpg,282,1115,P. Rus
mcr_lter5_fringingreef_pole1-2_qu5_20100414.jpg,1366,798,Turf
mcr_lter5_fringingreef_pole1-2_qu5_20100414.jpg,1164,700,Turf
mcr_lter5_fringingreef_pole1-2_qu5_20100414.jpg,1394,1529,P. Rus
mcr_lter5_fringingreef_pole1-2_qu5_20100414.jpg,1516,188,Turf
mcr_lter5_fringingreef_pole1-2_qu5_20100414.jpg,325,1029,Turf
mcr_lter5_fringingreef_pole1-2_qu5_20100414.jpg,522,1028,P. Rus
mcr_lter5_fringingreef_pole1-2_qu5_20100414.jpg,438,1487,Turf
mcr_lter5_fringingreef_pole1-2_qu5_20100414.jpg,1694,817,Turf
mcr_lter5_fringingreef_pole1-2_qu5_20100414.jpg,698,1209,Turf
mcr_lter5_fringingreef_pole1-2_qu5_20100414.jpg,772,1025,Pocill
mcr_lter5_fringingreef_pole1-2_qu5_20100414.jpg,1559,566,Turf
mcr_lter5_fringingreef_pole1-2_qu5_20100414.jpg,593,454,Pocill
mcr_lter5_fringingreef_pole1-2_qu5_20100414.jpg,357,1165,P. Rus
mcr_lter5_fringingreef_pole1-2_qu5_20100414.jpg,802,459,Turf
mcr_lter5_fringingreef_pole1-2_qu5_20100414.jpg,967,964,P. Rus
mcr_lter5_fringingreef_pole1-2_qu5_20100414.jpg,644,233,Turf
mcr_lter5_fringingreef_pole1-2_qu5_20100414.jpg,271,1644,Turf
mcr_lter5_fringingreef_pole1-2_qu5_20100414.jpg,1414,550,Turf
mcr_lter5_fringingreef_pole1-2_qu5_20100414.jpg,336,1462,P. Rus
mcr_lter5_fringingreef_pole1-2_qu5_20100414.jpg,1153,742,Turf
mcr_lter5_fringingreef_pole1-2_qu5_20100414.jpg,451,999,P. Rus
mcr_lter5_fringingreef_pole1-2_qu5_20100414.jpg,1211,469,Turf
mcr_lter5_fringingreef_pole1-2_qu5_20100414.jpg,1461,1427,P. Rus
mcr_lter5_fringingreef_pole1-2_qu5_20100414.jpg,1148,611,Turf
mcr_lter5_fringingreef_pole1-2_qu5_20100414.jpg,1048,1405,P. Rus
mcr_lter5_fringingreef_pole1-2_qu5_20100414.jpg,785,795,Turf
mcr_lter5_fringingreef_pole1-2_qu5_20100414.jpg,356,1322,P. Rus
mcr_lter5_fringingreef_pole1-2_qu5_20100414.jpg,1048,101,Turf
mcr_lter5_fringingreef_pole1-2_qu5_20100414.jpg,969,1646,Turf
mcr_lter5_fringingreef_pole1-2_qu5_20100414.jpg,1118,1115,Turf
mcr_lter5_fringingreef_pole1-2_qu5_20100414.jpg,727,1511,Turf
mcr_lter5_fringingreef_pole1-2_qu5_20100414.jpg,948,406,Turf
mcr_lter5_fringingreef_pole1-2_qu5_20100414.jpg,1169,1604,P. Rus
mcr_lter5_fringingreef_pole1-2_qu5_20100414.jpg,1389,925,Turf
mcr_lter5_fringingreef_pole1-2_qu5_20100414.jpg,1367,156,Turf
mcr_lter5_fringingreef_pole1-2_qu5_20100414.jpg,795,553,Turf
mcr_lter5_fringingreef_pole1-2_qu5_20100414.jpg,1437,431,Turf
mcr_lter5_fringingreef_pole1-2_qu5_20100414.jpg,509,1099,P. Rus
mcr_lter5_fringingreef_pole1-2_qu5_20100414.jpg,869,769,Turf
mcr_lter5_fringingreef_pole1-2_qu5_20100414.jpg,774,243,CCA
mcr_lter5_fringingreef_pole1-2_qu5_20100414.jpg,1035,1471,P. Rus
mcr_lter5_fringingreef_pole1-2_qu5_20100414.jpg,1514,1647,Off
mcr_lter5_fringingreef_pole1-2_qu5_20100414.jpg,1062,1443,P. Rus
mcr_lter5_fringingreef_pole1-2_qu5_20100414.jpg,711,1006,Turf
mcr_lter5_fringingreef_pole1-2_qu5_20100414.jpg,1089,1584,P. Rus
mcr_lter5_fringingreef_pole1-2_qu5_20100414.jpg,231,695,Turf
mcr_lter5_fringingreef_pole1-2_qu5_20100414.jpg,1710,662,Off
mcr_lter5_fringingreef_pole1-2_qu5_20100414.jpg,1532,1452,Pocill
mcr_lter5_fringingreef_pole1-2_qu5_20100414.jpg,1283,1157,P. Rus
mcr_lter5_fringingreef_pole1-2_qu5_20100414.jpg,327,1052,Turf
mcr_lter5_fringingreef_pole1-2_qu5_20100414.jpg,860,486,Turf
mcr_lter5_fringingreef_pole1-2_qu5_20100414.jpg,919,532,Off
mcr_lter5_fringingreef_pole1-2_qu5_20100414.jpg,873,1538,Turf
mcr_lter5_fringingreef_pole1-2_qu5_20100414.jpg,1485,911,Turf
mcr_lter5_fringingreef_pole1-2_qu5_20100414.jpg,251,1552,Turf
mcr_lter5_fringingreef_pole1-2_qu5_20100414.jpg,634,754,Turf
mcr_lter5_fringingreef_pole1-2_qu5_20100414.jpg,827,1659,Off
mcr_lter5_fringingreef_pole1-2_qu5_20100414.jpg,233,1497,P. Rus
mcr_lter5_fringingreef_pole1-2_qu5_20100414.jpg,1496,1002,Turf
mcr_lter5_fringingreef_pole1-2_qu5_20100414.jpg,1369,678,Turf
mcr_lter5_fringingreef_pole1-2_qu5_20100414.jpg,1374,926,Turf
mcr_lter5_fringingreef_pole1-2_qu5_20100414.jpg,624,73,Off
mcr_lter5_fringingreef_pole1-2_qu5_20100414.jpg,233,552,Turf
mcr_lter5_fringingreef_pole1-2_qu5_20100414.jpg,788,241,CCA
mcr_lter5_fringingreef_pole1-2_qu5_20100414.jpg,1270,1012,Turf
mcr_lter5_fringingreef_pole1-2_qu5_20100414.jpg,612,489,Pocill
mcr_lter5_fringingreef_pole1-2_qu5_20100414.jpg,1303,112,P. Rus
mcr_lter5_fringingreef_pole1-2_qu5_20100414.jpg,132,1354,Off
mcr_lter5_fringingreef_pole1-2_qu5_20100414.jpg,1259,647,Turf
mcr_lter5_fringingreef_pole1-2_qu5_20100414.jpg,192,95,Off
mcr_lter5_fringingreef_pole1-2_qu5_20100414.jpg,1584,371,Turf
mcr_lter5_fringingreef_pole1-2_qu5_20100414.jpg,1216,669,Turf
mcr_lter5_fringingreef_pole1-2_qu5_20100414.jpg,648,118,Turf
mcr_lter5_fringingreef_pole1-2_qu5_20100414.jpg,594,516,Pocill
mcr_lter5_fringingreef_pole1-2_qu5_20100414.jpg,1458,545,Turf
mcr_lter5_fringingreef_pole1-2_qu5_20100414.jpg,545,336,Turf
mcr_lter5_fringingreef_pole1-2_qu5_20100414.jpg,381,1460,P. Rus
mcr_lter5_fringingreef_pole1-2_qu5_20100414.jpg,738,429,Turf
mcr_lter5_fringingreef_pole1-2_qu5_20100414.jpg,497,224,Turf
mcr_lter5_fringingreef_pole1-2_qu5_20100414.jpg,892,446,Turf
mcr_lter5_fringingreef_pole1-2_qu5_20100414.jpg,841,310,Turf
mcr_lter5_fringingreef_pole1-2_qu5_20100414.jpg,1660,1278,Turf
mcr_lter5_fringingreef_pole1-2_qu5_20100414.jpg,546,1556,Turf
mcr_lter5_fringingreef_pole1-2_qu5_20100414.jpg,717,1095,Pocill
mcr_lter5_fringingreef_pole1-2_qu5_20100414.jpg,1149,1420,P. Rus
mcr_lter5_fringingreef_pole1-2_qu5_20100414.jpg,1057,915,P. Rus
mcr_lter5_fringingreef_pole1-2_qu5_20100414.jpg,1095,1362,Turf
mcr_lter5_fringingreef_pole1-2_qu5_20100414.jpg,575,1413,P. Rus
mcr_lter5_fringingreef_pole1-2_qu5_20100414.jpg,951,521,Turf
mcr_lter5_fringingreef_pole1-2_qu5_20100414.jpg,1004,1577,P. Rus
mcr_lter5_fringingreef_pole1-2_qu5_20100414.jpg,350,178,Turf
mcr_lter5_fringingreef_pole1-2_qu5_20100414.jpg,1284,590,Turf
mcr_lter5_fringingreef_pole1-2_qu5_20100414.jpg,1116,1541,P. Rus
mcr_lter5_fringingreef_pole1-2_qu5_20100414.jpg,704,1126,Turf
mcr_lter5_fringingreef_pole1-2_qu5_20100414.jpg,1641,830,Turf
mcr_lter5_fringingreef_pole1-2_qu5_20100414.jpg,232,420,Turf
mcr_lter5_fringingreef_pole1-2_qu5_20100414.jpg,472,1222,P. Rus
mcr_lter5_fringingreef_pole1-2_qu5_20100414.jpg,1030,1256,P. Rus
mcr_lter5_fringingreef_pole1-2_qu5_20100414.jpg,1443,188,Turf
mcr_lter5_fringingreef_pole1-2_qu5_20100414.jpg,1257,361,Turf
mcr_lter5_fringingreef_pole1-2_qu5_20100414.jpg,1119,647,Turf
mcr_lter5_fringingreef_pole1-2_qu5_20100414.jpg,231,1069,P. Rus
mcr_lter5_fringingreef_pole1-2_qu5_20100414.jpg,835,724,Turf
mcr_lter5_fringingreef_pole1-2_qu5_20100414.jpg,1365,1068,Turf
mcr_lter5_fringingreef_pole1-2_qu5_20100414.jpg,1183,605,Turf
mcr_lter5_fringingreef_pole1-2_qu5_20100414.jpg,859,647,Turf
mcr_lter5_fringingreef_pole1-2_qu5_20100414.jpg,378,564,Turf
mcr_lter5_fringingreef_pole1-2_qu5_20100414.jpg,1067,721,Turf
mcr_lter5_fringingreef_pole1-2_qu5_20100414.jpg,1073,641,Turf
mcr_lter5_fringingreef_pole1-2_qu5_20100414.jpg,1726,824,Off
mcr_lter5_fringingreef_pole1-2_qu6_20100414.jpg,1198,1615,CCA
mcr_lter5_fringingreef_pole1-2_qu6_20100414.jpg,720,853,Turf
mcr_lter5_fringingreef_pole1-2_qu6_20100414.jpg,664,692,Turf
mcr_lter5_fringingreef_pole1-2_qu6_20100414.jpg,133,1179,Off
mcr_lter5_fringingreef_pole1-2_qu6_20100414.jpg,1283,105,CCA
mcr_lter5_fringingreef_pole1-2_qu6_20100414.jpg,367,481,Turf
mcr_lter5_fringingreef_pole1-2_qu6_20100414.jpg,1106,1622,CCA
mcr_lter5_fringingreef_pole1-2_qu6_20100414.jpg,743,273,Turf
mcr_lter5_fringingreef_pole1-2_qu6_20100414.jpg,713,625,Turf
mcr_lter5_fringingreef_pole1-2_qu6_20100414.jpg,1439,1626,CCA
mcr_lter5_fringingreef_pole1-2_qu6_20100414.jpg,1581,870,P. Rus
mcr_lter5_fringingreef_pole1-2_qu6_20100414.jpg,1490,1434,CCA
mcr_lter5_fringingreef_pole1-2_qu6_20100414.jpg,850,1304,Turf
mcr_lter5_fringingreef_pole1-2_qu6_20100414.jpg,321,410,Turf
mcr_lter5_fringingreef_pole1-2_qu6_20100414.jpg,1389,221,CCA
mcr_lter5_fringingreef_pole1-2_qu6_20100414.jpg,1612,1419,CCA
mcr_lter5_fringingreef_pole1-2_qu6_20100414.jpg,1434,1301,CCA
mcr_lter5_fringingreef_pole1-2_qu6_20100414.jpg,499,567,Turf
mcr_lter5_fringingreef_pole1-2_qu6_20100414.jpg,1657,519,CCA
mcr_lter5_fringingreef_pole1-2_qu6_20100414.jpg,481,943,Turf
mcr_lter5_fringingreef_pole1-2_qu6_20100414.jpg,328,971,Turf
mcr_lter5_fringingreef_pole1-2_qu6_20100414.jpg,1457,564,CCA
mcr_lter5_fringingreef_pole1-2_qu6_20100414.jpg,640,806,Turf
mcr_lter5_fringingreef_pole1-2_qu6_20100414.jpg,524,1312,Turf
mcr_lter5_fringingreef_pole1-2_qu6_20100414.jpg,725,1317,Turf
mcr_lter5_fringingreef_pole1-2_qu6_20100414.jpg,843,900,Turf
mcr_lter5_fringingreef_pole1-2_qu6_20100414.jpg,375,337,Turf
mcr_lter5_fringingreef_pole1-2_qu6_20100414.jpg,1708,468,P. Rus
mcr_lter5_fringingreef_pole1-2_qu6_20100414.jpg,1428,1610,CCA
mcr_lter5_fringingreef_pole1-2_qu6_20100414.jpg,679,690,Turf
mcr_lter5_fringingreef_pole1-2_qu6_20100414.jpg,1082,826,CCA
mcr_lter5_fringingreef_pole1-2_qu6_20100414.jpg,471,1355,Turf
mcr_lter5_fringingreef_pole1-2_qu6_20100414.jpg,753,1563,Turf
mcr_lter5_fringingreef_pole1-2_qu6_20100414.jpg,1643,796,P. Rus
mcr_lter5_fringingreef_pole1-2_qu6_20100414.jpg,1636,841,P. Rus
mcr_lter5_fringingreef_pole1-2_qu6_20100414.jpg,1200,927,CCA
mcr_lter5_fringingreef_pole1-2_qu6_20100414.jpg,1411,1654,CCA
mcr_lter5_fringingreef_pole1-2_qu6_20100414.jpg,1116,884,CCA
mcr_lter5_fringingreef_pole1-2_qu6_20100414.jpg,732,1180,Turf
mcr_lter5_fringingreef_pole1-2_qu6_20100414.jpg,322,256,Pocill
mcr_lter5_fringingreef_pole1-2_qu6_20100414.jpg,1424,455,Pocill
mcr_lter5_fringingreef_pole1-2_qu6_20100414.jpg,1576,861,P. Rus
mcr_lter5_fringingreef_pole1-2_qu6_20100414.jpg,1237,553,CCA
mcr_lter5_fringingreef_pole1-2_qu6_20100414.jpg,647,1265,Turf
mcr_lter5_fringingreef_pole1-2_qu6_20100414.jpg,466,1307,Turf
mcr_lter5_fringingreef_pole1-2_qu6_20100414.jpg,857,1369,Turf
mcr_lter5_fringingreef_pole1-2_qu6_20100414.jpg,342,1257,Turf
mcr_lter5_fringingreef_pole1-2_qu6_20100414.jpg,1261,201,Pocill
mcr_lter5_fringingreef_pole1-2_qu6_20100414.jpg,935,1185,Turf
mcr_lter5_fringingreef_pole1-2_qu6_20100414.jpg,465,1373,Turf
mcr_lter5_fringingreef_pole1-2_qu6_20100414.jpg,1454,495,Pocill
mcr_lter5_fringingreef_pole1-2_qu6_20100414.jpg,1617,1526,CCA
mcr_lter5_fringingreef_pole1-2_qu6_20100414.jpg,1711,1342,CCA
mcr_lter5_fringingreef_pole1-2_qu6_20100414.jpg,1034,595,Turf
mcr_lter5_fringingreef_pole1-2_qu6_20100414.jpg,678,1125,Turf
mcr_lter5_fringingreef_pole1-2_qu6_20100414.jpg,588,395,Turf
mcr_lter5_fringingreef_pole1-2_qu6_20100414.jpg,283,1183,Turf
mcr_lter5_fringingreef_pole1-2_qu6_20100414.jpg,226,159,Turf
mcr_lter5_fringingreef_pole1-2_qu6_20100414.jpg,1484,314,CCA
mcr_lter5_fringingreef_pole1-2_qu6_20100414.jpg,731,1018,Turf
mcr_lter5_fringingreef_pole1-2_qu6_20100414.jpg,886,1248,Turf
mcr_lter5_fringingreef_pole1-2_qu6_20100414.jpg,851,1068,Turf
mcr_lter5_fringingreef_pole1-2_qu6_20100414.jpg,1004,1063,Turf
mcr_lter5_fringingreef_pole1-2_qu6_20100414.jpg,138,1368,Off
mcr_lter5_fringingreef_pole1-2_qu6_20100414.jpg,1072,1436,Monti
mcr_lter5_fringingreef_pole1-2_qu6_20100414.jpg,1109,121,P. Rus
mcr_lter5_fringingreef_pole1-2_qu6_20100414.jpg,192,309,Turf
mcr_lter5_fringingreef_pole1-2_qu6_20100414.jpg,1075,466,CCA
mcr_lter5_fringingreef_pole1-2_qu6_20100414.jpg,1654,1655,Off
mcr_lter5_fringingreef_pole1-2_qu6_20100414.jpg,614,438,Turf
mcr_lter5_fringingreef_pole1-2_qu6_20100414.jpg,1668,461,Turf
mcr_lter5_fringingreef_pole1-2_qu6_20100414.jpg,272,261,Pocill
mcr_lter5_fringingreef_pole1-2_qu6_20100414.jpg,1241,449,CCA
mcr_lter5_fringingreef_pole1-2_qu6_20100414.jpg,1478,570,CCA
mcr_lter5_fringingreef_pole1-2_qu6_20100414.jpg,912,1168,Turf
mcr_lter5_fringingreef_pole1-2_qu6_20100414.jpg,564,904,CCA
mcr_lter5_fringingreef_pole1-2_qu6_20100414.jpg,1043,613,Turf
mcr_lter5_fringingreef_pole1-2_qu6_20100414.jpg,964,1150,Off
mcr_lter5_fringingreef_pole1-2_qu6_20100414.jpg,730,1123,Turf
mcr_lter5_fringingreef_pole1-2_qu6_20100414.jpg,1420,1094,P. Rus
mcr_lter5_fringingreef_pole1-2_qu6_20100414.jpg,666,1345,Turf
mcr_lter5_fringingreef_pole1-2_qu6_20100414.jpg,732,974,Turf
mcr_lter5_fringingreef_pole1-2_qu6_20100414.jpg,425,1328,Turf
mcr_lter5_fringingreef_pole1-2_qu6_20100414.jpg,136,651,Off
mcr_lter5_fringingreef_pole1-2_qu6_20100414.jpg,1631,469,Turf
mcr_lter5_fringingreef_pole1-2_qu6_20100414.jpg,1051,563,Turf
mcr_lter5_fringingreef_pole1-2_qu6_20100414.jpg,1688,1239,CCA
mcr_lter5_fringingreef_pole1-2_qu6_20100414.jpg,1549,1303,CCA
mcr_lter5_fringingreef_pole1-2_qu6_20100414.jpg,1047,750,Turf
mcr_lter5_fringingreef_pole1-2_qu6_20100414.jpg,1567,869,P. Rus
mcr_lter5_fringingreef_pole1-2_qu6_20100414.jpg,563,1407,Turf
mcr_lter5_fringingreef_pole1-2_qu6_20100414.jpg,667,729,Turf
mcr_lter5_fringingreef_pole1-2_qu6_20100414.jpg,1438,1496,CCA
mcr_lter5_fringingreef_pole1-2_qu6_20100414.jpg,604,1179,Turf
mcr_lter5_fringingreef_pole1-2_qu6_20100414.jpg,182,880,Turf
mcr_lter5_fringingreef_pole1-2_qu6_20100414.jpg,192,749,Turf
mcr_lter5_fringingreef_pole1-2_qu6_20100414.jpg,680,227,Turf
mcr_lter5_fringingreef_pole1-2_qu6_20100414.jpg,1517,223,Pocill
mcr_lter5_fringingreef_pole1-2_qu6_20100414.jpg,720,760,Turf
mcr_lter5_fringingreef_pole1-2_qu6_20100414.jpg,830,1390,Turf
mcr_lter5_fringingreef_pole1-2_qu6_20100414.jpg,712,769,Turf
mcr_lter5_fringingreef_pole1-2_qu6_20100414.jpg,1160,1312,Turf
mcr_lter5_fringingreef_pole1-2_qu6_20100414.jpg,1616,475,Turf
mcr_lter5_fringingreef_pole1-2_qu6_20100414.jpg,1048,1144,Turf
mcr_lter5_fringingreef_pole1-2_qu6_20100414.jpg,1142,1516,Monti
mcr_lter5_fringingreef_pole1-2_qu6_20100414.jpg,1508,1205,P. Rus
mcr_lter5_fringingreef_pole1-2_qu6_20100414.jpg,1516,83,Off
mcr_lter5_fringingreef_pole1-2_qu6_20100414.jpg,877,1454,Turf
mcr_lter5_fringingreef_pole1-2_qu6_20100414.jpg,700,1449,Turf
mcr_lter5_fringingreef_pole1-2_qu6_20100414.jpg,978,1650,Monti
mcr_lter5_fringingreef_pole1-2_qu6_20100414.jpg,789,552,Turf
mcr_lter5_fringingreef_pole1-2_qu6_20100414.jpg,521,1248,Turf
mcr_lter5_fringingreef_pole1-2_qu6_20100414.jpg,1606,657,P. Rus
mcr_lter5_fringingreef_pole1-2_qu6_20100414.jpg,1467,849,P. Rus
mcr_lter5_fringingreef_pole1-2_qu6_20100414.jpg,1367,1429,CCA
mcr_lter5_fringingreef_pole1-2_qu6_20100414.jpg,1430,1573,CCA
mcr_lter5_fringingreef_pole1-2_qu6_20100414.jpg,538,559,Turf
mcr_lter5_fringingreef_pole1-2_qu6_20100414.jpg,1661,1419,CCA
mcr_lter5_fringingreef_pole1-2_qu6_20100414.jpg,1288,1106,Turf
mcr_lter5_fringingreef_pole1-2_qu6_20100414.jpg,1206,1564,CCA
mcr_lter5_fringingreef_pole1-2_qu6_20100414.jpg,1004,449,Turf
mcr_lter5_fringingreef_pole1-2_qu6_20100414.jpg,1406,905,CCA
mcr_lter5_fringingreef_pole1-2_qu6_20100414.jpg,970,1612,Monti
mcr_lter5_fringingreef_pole1-2_qu6_20100414.jpg,1027,803,Turf
mcr_lter5_fringingreef_pole1-2_qu6_20100414.jpg,545,714,Turf
mcr_lter5_fringingreef_pole1-2_qu6_20100414.jpg,1205,628,CCA
mcr_lter5_fringingreef_pole1-2_qu6_20100414.jpg,1081,1588,Monti
mcr_lter5_fringingreef_pole1-2_qu6_20100414.jpg,611,942,Turf
mcr_lter5_fringingreef_pole1-2_qu6_20100414.jpg,1431,1664,Off
mcr_lter5_fringingreef_pole1-2_qu6_20100414.jpg,1018,458,Turf
mcr_lter5_fringingreef_pole1-2_qu6_20100414.jpg,1663,877,P. Rus
mcr_lter5_fringingreef_pole1-2_qu6_20100414.jpg,1071,726,CCA
mcr_lter5_fringingreef_pole1-2_qu6_20100414.jpg,1156,1054,CCA
mcr_lter5_fringingreef_pole1-2_qu6_20100414.jpg,1710,1149,CCA
mcr_lter5_fringingreef_pole1-2_qu6_20100414.jpg,1425,1448,CCA
mcr_lter5_fringingreef_pole1-2_qu6_20100414.jpg,543,1438,Turf
mcr_lter5_fringingreef_pole1-2_qu6_20100414.jpg,1726,541,Off
mcr_lter5_fringingreef_pole1-2_qu6_20100414.jpg,352,543,Turf
mcr_lter5_fringingreef_pole1-2_qu6_20100414.jpg,914,1212,Turf
mcr_lter5_fringingreef_pole1-2_qu6_20100414.jpg,414,625,Turf
mcr_lter5_fringingreef_pole1-2_qu6_20100414.jpg,787,98,Off
mcr_lter5_fringingreef_pole1-2_qu6_20100414.jpg,946,872,Turf
mcr_lter5_fringingreef_pole1-2_qu6_20100414.jpg,732,1426,Turf
mcr_lter5_fringingreef_pole1-2_qu6_20100414.jpg,1630,972,P. Rus
mcr_lter5_fringingreef_pole1-2_qu6_20100414.jpg,1129,579,CCA
mcr_lter5_fringingreef_pole1-2_qu6_20100414.jpg,1510,197,Pocill
mcr_lter5_fringingreef_pole1-2_qu6_20100414.jpg,1227,1198,Turf
mcr_lter5_fringingreef_pole1-2_qu6_20100414.jpg,691,541,Turf
mcr_lter5_fringingreef_pole1-2_qu6_20100414.jpg,1020,1298,Turf
mcr_lter5_fringingreef_pole1-2_qu6_20100414.jpg,1536,673,P. Rus
mcr_lter5_fringingreef_pole1-2_qu6_20100414.jpg,1354,1353,CCA
mcr_lter5_fringingreef_pole1-2_qu6_20100414.jpg,1685,813,P. Rus
mcr_lter5_fringingreef_pole1-2_qu6_20100414.jpg,1139,1393,Monti
mcr_lter5_fringingreef_pole1-2_qu6_20100414.jpg,1085,1016,Turf
mcr_lter5_fringingreef_pole1-2_qu6_20100414.jpg,757,1063,Turf
mcr_lter5_fringingreef_pole1-2_qu6_20100414.jpg,1558,453,CCA
mcr_lter5_fringingreef_pole1-2_qu6_20100414.jpg,296,559,Turf
mcr_lter5_fringingreef_pole1-2_qu6_20100414.jpg,855,759,Turf
mcr_lter5_fringingreef_pole1-2_qu6_20100414.jpg,585,364,Turf
mcr_lter5_fringingreef_pole1-2_qu6_20100414.jpg,1492,493,CCA
mcr_lter5_fringingreef_pole1-2_qu6_20100414.jpg,1640,871,P. Rus
mcr_lter5_fringingreef_pole1-2_qu6_20100414.jpg,1389,1537,CCA
mcr_lter5_fringingreef_pole1-2_qu6_20100414.jpg,162,1552,Off
mcr_lter5_fringingreef_pole1-2_qu6_20100414.jpg,953,1565,Off
mcr_lter5_fringingreef_pole1-2_qu6_20100414.jpg,342,1411,Turf
mcr_lter5_fringingreef_pole1-2_qu6_20100414.jpg,1669,338,Pocill
mcr_lter5_fringingreef_pole1-2_qu6_20100414.jpg,1538,1499,CCA
mcr_lter5_fringingreef_pole1-2_qu6_20100414.jpg,302,452,Turf
mcr_lter5_fringingreef_pole1-2_qu6_20100414.jpg,1666,280,Turf
mcr_lter5_fringingreef_pole1-2_qu6_20100414.jpg,1515,434,Pocill
mcr_lter5_fringingreef_pole1-2_qu6_20100414.jpg,843,620,Turf
mcr_lter5_fringingreef_pole1-2_qu6_20100414.jpg,1182,798,CCA
mcr_lter5_fringingreef_pole1-2_qu6_20100414.jpg,848,1448,Turf
mcr_lter5_fringingreef_pole1-2_qu6_20100414.jpg,1103,1665,Off
mcr_lter5_fringingreef_pole1-2_qu6_20100414.jpg,851,1193,Turf
mcr_lter5_fringingreef_pole1-2_qu6_20100414.jpg,865,593,Turf
mcr_lter5_fringingreef_pole1-2_qu6_20100414.jpg,1508,519,CCA
mcr_lter5_fringingreef_pole1-2_qu6_20100414.jpg,134,1643,Off
mcr_lter5_fringingreef_pole1-2_qu6_20100414.jpg,449,1625,Turf
mcr_lter5_fringingreef_pole1-2_qu6_20100414.jpg,1141,1628,CCA
mcr_lter5_fringingreef_pole1-2_qu6_20100414.jpg,299,406,Turf
mcr_lter5_fringingreef_pole1-2_qu6_20100414.jpg,542,562,Turf
mcr_lter5_fringingreef_pole1-2_qu6_20100414.jpg,1464,1055,P. Rus
mcr_lter5_fringingreef_pole1-2_qu6_20100414.jpg,1395,706,Pocill
mcr_lter5_fringingreef_pole1-2_qu6_20100414.jpg,319,1175,Turf
mcr_lter5_fringingreef_pole1-2_qu6_20100414.jpg,387,832,Turf
mcr_lter5_fringingreef_pole1-2_qu6_20100414.jpg,1444,1620,CCA
mcr_lter5_fringingreef_pole1-2_qu6_20100414.jpg,216,821,Turf
mcr_lter5_fringingreef_pole1-2_qu6_20100414.jpg,594,1589,Turf
mcr_lter5_fringingreef_pole1-2_qu6_20100414.jpg,807,1012,Turf
mcr_lter5_fringingreef_pole1-2_qu6_20100414.jpg,975,666,Turf
mcr_lter5_fringingreef_pole1-2_qu6_20100414.jpg,852,1318,Turf
mcr_lter5_fringingreef_pole1-2_qu6_20100414.jpg,524,204,Turf
mcr_lter5_fringingreef_pole1-2_qu6_20100414.jpg,290,247,Pocill
mcr_lter5_fringingreef_pole1-2_qu6_20100414.jpg,1265,480,CCA
mcr_lter5_fringingreef_pole1-2_qu6_20100414.jpg,1333,459,CCA
mcr_lter5_fringingreef_pole1-2_qu6_20100414.jpg,814,604,Turf
mcr_lter5_fringingreef_pole1-2_qu6_20100414.jpg,1506,586,CCA
mcr_lter5_fringingreef_pole1-2_qu6_20100414.jpg,500,1463,Turf
mcr_lter5_fringingreef_pole1-2_qu7_20100414.jpg,462,1600,P. Rus
mcr_lter5_fringingreef_pole1-2_qu7_20100414.jpg,1217,215,P. Rus
mcr_lter5_fringingreef_pole1-2_qu7_20100414.jpg,415,426,P. Rus
mcr_lter5_fringingreef_pole1-2_qu7_20100414.jpg,1618,138,CCA
mcr_lter5_fringingreef_pole1-2_qu7_20100414.jpg,430,817,CCA
mcr_lter5_fringingreef_pole1-2_qu7_20100414.jpg,1169,250,CCA
mcr_lter5_fringingreef_pole1-2_qu7_20100414.jpg,142,405,P. Rus
mcr_lter5_fringingreef_pole1-2_qu7_20100414.jpg,423,92,Off
mcr_lter5_fringingreef_pole1-2_qu7_20100414.jpg,1512,1394,CCA
mcr_lter5_fringingreef_pole1-2_qu7_20100414.jpg,120,634,Off
mcr_lter5_fringingreef_pole1-2_qu7_20100414.jpg,1391,952,Turf
mcr_lter5_fringingreef_pole1-2_qu7_20100414.jpg,1149,566,P. Rus
mcr_lter5_fringingreef_pole1-2_qu7_20100414.jpg,1509,286,CCA
mcr_lter5_fringingreef_pole1-2_qu7_20100414.jpg,1093,119,P. Rus
mcr_lter5_fringingreef_pole1-2_qu7_20100414.jpg,851,906,Turf
mcr_lter5_fringingreef_pole1-2_qu7_20100414.jpg,728,1269,P. Rus
mcr_lter5_fringingreef_pole1-2_qu7_20100414.jpg,1581,1631,Turf
mcr_lter5_fringingreef_pole1-2_qu7_20100414.jpg,823,1476,Turf
mcr_lter5_fringingreef_pole1-2_qu7_20100414.jpg,417,1511,P. Rus
mcr_lter5_fringingreef_pole1-2_qu7_20100414.jpg,650,1466,P. Rus
mcr_lter5_fringingreef_pole1-2_qu7_20100414.jpg,1208,611,P. Rus
mcr_lter5_fringingreef_pole1-2_qu7_20100414.jpg,426,1342,Monti
mcr_lter5_fringingreef_pole1-2_qu7_20100414.jpg,1602,739,CCA
mcr_lter5_fringingreef_pole1-2_qu7_20100414.jpg,934,299,P. Rus
mcr_lter5_fringingreef_pole1-2_qu7_20100414.jpg,1457,1594,Turf
mcr_lter5_fringingreef_pole1-2_qu7_20100414.jpg,1645,876,CCA
mcr_lter5_fringingreef_pole1-2_qu7_20100414.jpg,152,905,P. Rus
mcr_lter5_fringingreef_pole1-2_qu7_20100414.jpg,1276,458,Turf
mcr_lter5_fringingreef_pole1-2_qu7_20100414.jpg,1349,608,P. Rus
mcr_lter5_fringingreef_pole1-2_qu7_20100414.jpg,370,601,P. Rus
mcr_lter5_fringingreef_pole1-2_qu7_20100414.jpg,1563,1144,Turf
mcr_lter5_fringingreef_pole1-2_qu7_20100414.jpg,225,771,P. Rus
mcr_lter5_fringingreef_pole1-2_qu7_20100414.jpg,1547,487,Turf
mcr_lter5_fringingreef_pole1-2_qu7_20100414.jpg,143,885,P. Rus
mcr_lter5_fringingreef_pole1-2_qu7_20100414.jpg,1440,632,Turf
mcr_lter5_fringingreef_pole1-2_qu7_20100414.jpg,349,1464,Monti
mcr_lter5_fringingreef_pole1-2_qu7_20100414.jpg,1454,1063,Turf
mcr_lter5_fringingreef_pole1-2_qu7_20100414.jpg,590,1036,Turf
mcr_lter5_fringingreef_pole1-2_qu7_20100414.jpg,1391,601,Turf
mcr_lter5_fringingreef_pole1-2_qu7_20100414.jpg,605,116,CCA
mcr_lter5_fringingreef_pole1-2_qu7_20100414.jpg,195,459,P. Rus
mcr_lter5_fringingreef_pole1-2_qu7_20100414.jpg,449,1325,Monti
mcr_lter5_fringingreef_pole1-2_qu7_20100414.jpg,969,763,Turf
mcr_lter5_fringingreef_pole1-2_qu7_20100414.jpg,1615,1591,Turf
mcr_lter5_fringingreef_pole1-2_qu7_20100414.jpg,228,228,P. Rus
mcr_lter5_fringingreef_pole1-2_qu7_20100414.jpg,596,577,CCA
mcr_lter5_fringingreef_pole1-2_qu7_20100414.jpg,1084,1333,Turf
mcr_lter5_fringingreef_pole1-2_qu7_20100414.jpg,534,685,Monti
mcr_lter5_fringingreef_pole1-2_qu7_20100414.jpg,1702,1181,Off
mcr_lter5_fringingreef_pole1-2_qu7_20100414.jpg,607,533,CCA
mcr_lter5_fringingreef_pole1-2_qu7_20100414.jpg,1279,1421,Turf
mcr_lter5_fringingreef_pole1-2_qu7_20100414.jpg,1411,256,P. Rus
mcr_lter5_fringingreef_pole1-2_qu7_20100414.jpg,396,545,P. Rus
mcr_lter5_fringingreef_pole1-2_qu7_20100414.jpg,388,1383,Monti
mcr_lter5_fringingreef_pole1-2_qu7_20100414.jpg,1131,850,Turf
mcr_lter5_fringingreef_pole1-2_qu7_20100414.jpg,905,549,CCA
mcr_lter5_fringingreef_pole1-2_qu7_20100414.jpg,330,1676,Off
mcr_lter5_fringingreef_pole1-2_qu7_20100414.jpg,1144,496,P. Rus
mcr_lter5_fringingreef_pole1-2_qu7_20100414.jpg,793,1000,Turf
mcr_lter5_fringingreef_pole1-2_qu7_20100414.jpg,203,579,P. Rus
mcr_lter5_fringingreef_pole1-2_qu7_20100414.jpg,809,1095,CCA
mcr_lter5_fringingreef_pole1-2_qu7_20100414.jpg,1590,139,CCA
mcr_lter5_fringingreef_pole1-2_qu7_20100414.jpg,259,107,P. Rus
mcr_lter5_fringingreef_pole1-2_qu7_20100414.jpg,466,1038,Turf
mcr_lter5_fringingreef_pole1-2_qu7_20100414.jpg,869,820,CCA
mcr_lter5_fringingreef_pole1-2_qu7_20100414.jpg,777,486,CCA
mcr_lter5_fringingreef_pole1-2_qu7_20100414.jpg,880,1381,Turf
mcr_lter5_fringingreef_pole1-2_qu7_20100414.jpg,270,178,P. Rus
mcr_lter5_fringingreef_pole1-2_qu7_20100414.jpg,127,530,P. Rus
mcr_lter5_fringingreef_pole1-2_qu7_20100414.jpg,1663,1561,Turf
mcr_lter5_fringingreef_pole1-2_qu7_20100414.jpg,1103,187,CCA
mcr_lter5_fringingreef_pole1-2_qu7_20100414.jpg,628,1012,Turf
mcr_lter5_fringingreef_pole1-2_qu7_20100414.jpg,811,340,CCA
mcr_lter5_fringingreef_pole1-2_qu7_20100414.jpg,1594,525,CCA
mcr_lter5_fringingreef_pole1-2_qu7_20100414.jpg,1672,517,CCA
mcr_lter5_fringingreef_pole1-2_qu7_20100414.jpg,281,438,P. Rus
mcr_lter5_fringingreef_pole1-2_qu7_20100414.jpg,301,844,P. Rus
mcr_lter5_fringingreef_pole1-2_qu7_20100414.jpg,704,1152,Turf
mcr_lter5_fringingreef_pole1-2_qu7_20100414.jpg,1314,566,Turf
mcr_lter5_fringingreef_pole1-2_qu7_20100414.jpg,1231,592,P. Rus
mcr_lter5_fringingreef_pole1-2_qu7_20100414.jpg,236,359,P. Rus
mcr_lter5_fringingreef_pole1-2_qu7_20100414.jpg,1409,769,Turf
mcr_lter5_fringingreef_pole1-2_qu7_20100414.jpg,812,277,P. Rus
mcr_lter5_fringingreef_pole1-2_qu7_20100414.jpg,244,1660,P. Rus
mcr_lter5_fringingreef_pole1-2_qu7_20100414.jpg,1403,1338,Turf
mcr_lter5_fringingreef_pole1-2_qu7_20100414.jpg,655,1043,Turf
mcr_lter5_fringingreef_pole1-2_qu7_20100414.jpg,1173,477,P. Rus
mcr_lter5_fringingreef_pole1-2_qu7_20100414.jpg,770,269,CCA
mcr_lter5_fringingreef_pole1-2_qu7_20100414.jpg,995,1461,Turf
mcr_lter5_fringingreef_pole1-2_qu7_20100414.jpg,504,1327,Monti
mcr_lter5_fringingreef_pole1-2_qu7_20100414.jpg,386,276,Turf
mcr_lter5_fringingreef_pole1-2_qu7_20100414.jpg,1340,825,Turf
mcr_lter5_fringingreef_pole1-2_qu7_20100414.jpg,109,508,Off
mcr_lter5_fringingreef_pole1-2_qu7_20100414.jpg,1161,478,P. Rus
mcr_lter5_fringingreef_pole1-2_qu7_20100414.jpg,1594,1299,Turf
mcr_lter5_fringingreef_pole1-2_qu7_20100414.jpg,1460,493,Turf
mcr_lter5_fringingreef_pole1-2_qu7_20100414.jpg,566,199,CCA
mcr_lter5_fringingreef_pole1-2_qu7_20100414.jpg,666,1020,CCA
mcr_lter5_fringingreef_pole1-2_qu7_20100414.jpg,1208,206,P. Rus
mcr_lter5_fringingreef_pole1-2_qu7_20100414.jpg,215,635,CCA
mcr_lter5_fringingreef_pole1-2_qu7_20100414.jpg,1628,168,CCA
mcr_lter5_fringingreef_pole1-2_qu7_20100414.jpg,1297,172,CCA
mcr_lter5_fringingreef_pole1-2_qu7_20100414.jpg,364,1418,Monti
mcr_lter5_fringingreef_pole1-2_qu7_20100414.jpg,207,1168,CCA
mcr_lter5_fringingreef_pole1-2_qu7_20100414.jpg,1470,1204,Turf
mcr_lter5_fringingreef_pole1-2_qu7_20100414.jpg,391,903,CCA
mcr_lter5_fringingreef_pole1-2_qu7_20100414.jpg,591,1520,Turf
mcr_lter5_fringingreef_pole1-2_qu7_20100414.jpg,216,1135,CCA
mcr_lter5_fringingreef_pole1-2_qu7_20100414.jpg,118,831,Off
mcr_lter5_fringingreef_pole1-2_qu7_20100414.jpg,1434,946,Turf
mcr_lter5_fringingreef_pole1-2_qu7_20100414.jpg,1510,1384,CCA
mcr_lter5_fringingreef_pole1-2_qu7_20100414.jpg,121,716,Off
mcr_lter5_fringingreef_pole1-2_qu7_20100414.jpg,1520,494,Turf
mcr_lter5_fringingreef_pole1-2_qu7_20100414.jpg,669,538,CCA
mcr_lter5_fringingreef_pole1-2_qu7_20100414.jpg,737,1036,Turf
mcr_lter5_fringingreef_pole1-2_qu7_20100414.jpg,557,296,CCA
mcr_lter5_fringingreef_pole1-2_qu7_20100414.jpg,637,471,Turf
mcr_lter5_fringingreef_pole1-2_qu7_20100414.jpg,250,136,P. Rus
mcr_lter5_fringingreef_pole1-2_qu7_20100414.jpg,1648,468,CCA
mcr_lter5_fringingreef_pole1-2_qu7_20100414.jpg,138,1670,Off
mcr_lter5_fringingreef_pole1-2_qu7_20100414.jpg,1347,1463,Turf
mcr_lter5_fringingreef_pole1-2_qu7_20100414.jpg,381,1616,P. Rus
mcr_lter5_fringingreef_pole1-2_qu7_20100414.jpg,1518,365,Turf
mcr_lter5_fringingreef_pole1-2_qu7_20100414.jpg,1690,843,CCA
mcr_lter5_fringingreef_pole1-2_qu7_20100414.jpg,349,1560,P. Rus
mcr_lter5_fringingreef_pole1-2_qu7_20100414.jpg,863,686,Turf
mcr_lter5_fringingreef_pole1-2_qu7_20100414.jpg,1016,962,Turf
mcr_lter5_fringingreef_pole1-2_qu7_20100414.jpg,925,544,CCA
mcr_lter5_fringingreef_pole1-2_qu7_20100414.jpg,345,813,Turf
mcr_lter5_fringingreef_pole1-2_qu7_20100414.jpg,159,1498,P. Rus
mcr_lter5_fringingreef_pole1-2_qu7_20100414.jpg,429,1376,Monti
mcr_lter5_fringingreef_pole1-2_qu7_20100414.jpg,574,1050,Turf
mcr_lter5_fringingreef_pole1-2_qu7_20100414.jpg,1418,1172,Turf
mcr_lter5_fringingreef_pole1-2_qu7_20100414.jpg,338,820,Turf
mcr_lter5_fringingreef_pole1-2_qu7_20100414.jpg,1086,1037,Turf
mcr_lter5_fringingreef_pole1-2_qu7_20100414.jpg,1681,604,CCA